사번,년월,초과근무시간
E0001,2025-01,14.7
E0001,2025-02,13.8
E0001,2025-03,16.4
E0001,2025-04,17.4
E0001,2025-05,12.4
E0001,2025-06,11.9
E0001,2025-07,12.9
E0001,2025-08,12.6
E0001,2025-09,11.3
E0001,2025-10,19.1
E0001,2025-11,18.0
E0001,2025-12,11.3
E0001,2026-01,17.5
E0001,2026-02,14.8
E0001,2026-03,15.9
E0002,2025-01,19.7
E0002,2025-02,17.8
E0002,2025-03,18.6
E0002,2025-04,19.2
E0002,2025-05,13.1
E0002,2025-06,11.1
E0002,2025-07,19.1
E0002,2025-08,17.5
E0002,2025-09,18.2
E0002,2025-10,16.5
E0002,2025-11,19.0
E0002,2025-12,12.3
E0002,2026-01,14.2
E0002,2026-02,12.3
E0002,2026-03,17.9
E0003,2025-01,29.0
E0003,2025-02,18.7
E0003,2025-03,25.9
E0003,2025-04,27.0
E0003,2025-05,21.5
E0003,2025-06,34.0
E0003,2025-07,28.5
E0003,2025-08,25.9
E0003,2025-09,36.4
E0003,2025-10,29.8
E0003,2025-11,30.3
E0003,2025-12,27.9
E0004,2025-01,6.4
E0004,2025-02,9.3
E0004,2025-03,0.0
E0004,2025-04,1.0
E0004,2025-05,2.5
E0004,2025-06,0.0
E0004,2025-07,10.4
E0004,2025-08,5.4
E0004,2025-09,13.1
E0004,2025-10,7.4
E0004,2025-11,4.8
E0004,2025-12,7.7
E0004,2026-01,17.4
E0004,2026-02,15.0
E0004,2026-03,22.8
E0005,2025-01,21.6
E0005,2025-02,16.2
E0005,2025-03,22.2
E0005,2025-04,21.6
E0005,2025-05,14.9
E0005,2025-06,15.2
E0005,2025-07,15.0
E0005,2025-08,12.3
E0005,2025-09,11.2
E0005,2025-10,15.2
E0005,2025-11,7.4
E0005,2025-12,12.6
E0005,2026-01,11.5
E0005,2026-02,15.2
E0005,2026-03,18.1
E0006,2025-01,20.6
E0006,2025-02,13.1
E0006,2025-03,23.8
E0006,2025-04,21.0
E0006,2025-05,26.0
E0006,2025-06,26.9
E0006,2025-07,21.6
E0006,2025-08,16.2
E0006,2025-09,12.0
E0006,2025-10,12.7
E0006,2025-11,26.5
E0006,2025-12,12.6
E0006,2026-01,18.0
E0006,2026-02,15.8
E0006,2026-03,15.4
E0007,2025-01,11.3
E0007,2025-02,16.9
E0007,2025-03,8.6
E0007,2025-04,17.4
E0007,2025-05,11.9
E0007,2025-06,13.0
E0007,2025-07,11.0
E0007,2025-08,8.4
E0007,2025-09,14.9
E0007,2025-10,14.4
E0007,2025-11,15.1
E0007,2025-12,16.2
E0007,2026-01,14.2
E0007,2026-02,15.9
E0007,2026-03,16.5
E0008,2025-01,3.0
E0008,2025-02,7.0
E0008,2025-03,8.3
E0008,2025-04,6.4
E0008,2025-05,3.1
E0008,2025-06,6.1
E0008,2025-07,0.0
E0008,2025-08,6.2
E0008,2025-09,0.3
E0008,2025-10,4.8
E0008,2025-11,3.1
E0008,2025-12,4.9
E0008,2026-01,13.5
E0008,2026-02,17.6
E0008,2026-03,13.8
E0009,2025-01,1.2
E0009,2025-02,10.3
E0009,2025-03,11.1
E0009,2025-04,3.5
E0009,2025-05,2.0
E0009,2025-06,3.8
E0009,2025-07,10.4
E0009,2025-08,7.2
E0009,2025-09,6.6
E0009,2025-10,6.8
E0009,2025-11,4.8
E0009,2025-12,8.8
E0009,2026-01,19.7
E0009,2026-02,17.3
E0009,2026-03,18.7
E0010,2025-01,13.4
E0010,2025-02,3.7
E0010,2025-03,9.8
E0010,2025-04,7.1
E0010,2025-05,7.0
E0010,2025-06,12.8
E0010,2025-07,11.3
E0010,2025-08,7.3
E0010,2025-09,11.0
E0010,2025-10,0.4
E0010,2025-11,0.0
E0010,2025-12,4.5
E0010,2026-01,15.3
E0010,2026-02,20.7
E0010,2026-03,14.5
E0011,2025-01,9.7
E0011,2025-02,12.7
E0011,2025-03,18.3
E0011,2025-04,12.9
E0011,2025-05,17.5
E0011,2025-06,17.4
E0011,2025-07,6.7
E0011,2025-08,16.6
E0011,2025-09,18.5
E0011,2025-10,18.7
E0011,2025-11,13.4
E0011,2025-12,14.2
E0011,2026-01,17.4
E0011,2026-02,17.4
E0011,2026-03,17.4
E0012,2025-01,15.1
E0012,2025-02,14.2
E0012,2025-03,10.4
E0012,2025-04,11.3
E0012,2025-05,17.0
E0012,2025-06,14.0
E0012,2025-07,15.0
E0012,2025-08,18.9
E0012,2025-09,14.9
E0012,2025-10,10.0
E0012,2025-11,23.4
E0012,2025-12,13.4
E0012,2026-01,14.6
E0012,2026-02,15.7
E0012,2026-03,14.3
E0013,2025-01,11.0
E0013,2025-02,13.6
E0013,2025-03,11.9
E0013,2025-04,12.2
E0013,2025-05,10.2
E0013,2025-06,16.4
E0013,2025-07,16.9
E0013,2025-08,19.8
E0013,2025-09,20.3
E0013,2025-10,4.6
E0013,2025-11,14.9
E0013,2025-12,7.7
E0013,2026-01,15.4
E0013,2026-02,12.4
E0013,2026-03,11.5
E0014,2025-01,17.1
E0014,2025-02,13.3
E0014,2025-03,9.1
E0014,2025-04,7.4
E0014,2025-05,9.4
E0014,2025-06,8.8
E0014,2025-07,17.3
E0014,2025-08,12.3
E0014,2025-09,8.0
E0014,2025-10,13.7
E0014,2025-11,13.6
E0014,2025-12,11.5
E0014,2026-01,13.4
E0014,2026-02,14.0
E0014,2026-03,12.8
E0015,2025-01,35.7
E0015,2025-02,33.0
E0015,2025-03,32.7
E0015,2025-04,23.4
E0015,2025-05,29.4
E0015,2025-06,33.4
E0015,2025-07,32.3
E0015,2025-08,31.2
E0015,2025-09,33.6
E0015,2025-10,32.6
E0015,2025-11,34.1
E0015,2025-12,32.4
E0015,2026-01,14.9
E0015,2026-02,16.4
E0015,2026-03,13.4
E0016,2025-01,3.1
E0016,2025-02,2.9
E0016,2025-03,0.0
E0016,2025-04,0.3
E0016,2025-05,0.7
E0016,2025-06,0.0
E0016,2025-07,0.0
E0016,2025-08,2.4
E0016,2025-09,2.6
E0016,2025-10,0.3
E0016,2025-11,1.8
E0016,2025-12,3.0
E0016,2026-01,21.9
E0016,2026-02,12.2
E0016,2026-03,13.9
E0017,2025-01,31.8
E0017,2025-02,32.3
E0017,2025-03,24.9
E0017,2025-04,36.7
E0017,2025-05,31.4
E0017,2025-06,33.8
E0017,2025-07,32.4
E0017,2025-08,26.0
E0017,2025-09,27.3
E0017,2025-10,28.0
E0017,2025-11,34.7
E0017,2025-12,26.2
E0018,2025-01,10.0
E0018,2025-02,16.8
E0018,2025-03,22.0
E0018,2025-04,11.7
E0018,2025-05,20.8
E0018,2025-06,18.0
E0018,2025-07,13.4
E0018,2025-08,9.7
E0018,2025-09,13.7
E0018,2025-10,11.9
E0018,2025-11,19.8
E0018,2025-12,14.9
E0018,2026-01,23.4
E0018,2026-02,16.8
E0018,2026-03,17.7
E0019,2025-01,63.9
E0019,2025-02,64.0
E0019,2025-03,59.4
E0019,2025-04,62.3
E0019,2025-05,66.0
E0019,2025-06,61.7
E0019,2025-07,60.9
E0019,2025-08,64.8
E0019,2025-09,56.8
E0019,2025-10,53.2
E0019,2025-11,63.2
E0019,2025-12,66.1
E0019,2026-01,16.4
E0019,2026-02,17.1
E0019,2026-03,14.7
E0020,2025-01,29.3
E0020,2025-02,22.9
E0020,2025-03,25.4
E0020,2025-04,27.3
E0020,2025-05,22.2
E0020,2025-06,19.5
E0020,2025-07,19.1
E0020,2025-08,20.9
E0020,2025-09,27.9
E0020,2025-10,25.8
E0020,2025-11,21.2
E0020,2025-12,27.1
E0020,2026-01,18.1
E0020,2026-02,20.1
E0020,2026-03,13.9
E0021,2025-01,9.9
E0021,2025-02,7.2
E0021,2025-03,8.8
E0021,2025-04,9.7
E0021,2025-05,8.6
E0021,2025-06,15.0
E0021,2025-07,7.5
E0021,2025-08,2.5
E0021,2025-09,9.3
E0021,2025-10,6.9
E0021,2025-11,2.7
E0021,2025-12,10.7
E0021,2026-01,21.3
E0021,2026-02,14.4
E0021,2026-03,17.5
E0022,2025-01,0.0
E0022,2025-02,5.2
E0022,2025-03,0.0
E0022,2025-04,4.1
E0022,2025-05,6.3
E0022,2025-06,7.0
E0022,2025-07,7.3
E0022,2025-08,0.0
E0022,2025-09,4.8
E0022,2025-10,1.2
E0022,2025-11,1.0
E0022,2025-12,3.6
E0022,2026-01,13.6
E0022,2026-02,12.9
E0022,2026-03,16.0
E0023,2025-01,34.9
E0023,2025-02,32.4
E0023,2025-03,37.9
E0023,2025-04,38.8
E0023,2025-05,33.1
E0023,2025-06,35.8
E0023,2025-07,35.9
E0023,2025-08,36.0
E0023,2025-09,36.3
E0023,2025-10,37.7
E0023,2025-11,41.2
E0023,2025-12,37.1
E0023,2026-01,16.0
E0023,2026-02,15.3
E0023,2026-03,16.0
E0024,2025-01,30.5
E0024,2025-02,32.5
E0024,2025-03,28.3
E0024,2025-04,28.9
E0024,2025-05,34.3
E0024,2025-06,20.0
E0024,2025-07,31.7
E0024,2025-08,36.2
E0024,2025-09,34.1
E0024,2025-10,36.0
E0024,2025-11,33.9
E0024,2025-12,40.5
E0024,2026-01,15.8
E0024,2026-02,16.5
E0024,2026-03,16.9
E0025,2025-01,16.6
E0025,2025-02,22.0
E0025,2025-03,24.5
E0025,2025-04,19.9
E0025,2025-05,26.3
E0025,2025-06,24.0
E0025,2025-07,15.6
E0025,2025-08,23.0
E0025,2025-09,24.0
E0025,2025-10,28.1
E0025,2025-11,20.8
E0025,2025-12,23.8
E0025,2026-01,17.9
E0025,2026-02,12.0
E0025,2026-03,11.7
E0026,2025-01,27.9
E0026,2025-02,24.6
E0026,2025-03,25.5
E0026,2025-04,18.1
E0026,2025-05,25.0
E0026,2025-06,33.1
E0026,2025-07,26.2
E0026,2025-08,30.2
E0026,2025-09,27.8
E0026,2025-10,28.5
E0026,2025-11,34.8
E0026,2025-12,25.2
E0026,2026-01,15.2
E0026,2026-02,16.7
E0026,2026-03,8.9
E0027,2025-01,15.4
E0027,2025-02,21.4
E0027,2025-03,16.7
E0027,2025-04,15.9
E0027,2025-05,20.9
E0027,2025-06,18.1
E0027,2025-07,16.4
E0027,2025-08,15.7
E0027,2025-09,13.7
E0027,2025-10,10.8
E0027,2025-11,21.5
E0027,2025-12,15.3
E0027,2026-01,15.6
E0027,2026-02,15.8
E0027,2026-03,15.4
E0028,2025-01,0.0
E0028,2025-02,12.4
E0028,2025-03,5.6
E0028,2025-04,5.4
E0028,2025-05,0.0
E0028,2025-06,7.6
E0028,2025-07,3.2
E0028,2025-08,3.2
E0028,2025-09,6.9
E0028,2025-10,5.8
E0028,2025-11,1.4
E0028,2025-12,0.0
E0028,2026-01,14.3
E0028,2026-02,19.2
E0028,2026-03,13.9
E0029,2025-01,23.9
E0029,2025-02,23.5
E0029,2025-03,33.6
E0029,2025-04,14.2
E0029,2025-05,23.8
E0029,2025-06,16.7
E0029,2025-07,21.5
E0029,2025-08,21.5
E0029,2025-09,25.4
E0029,2025-10,25.5
E0029,2025-11,28.7
E0029,2025-12,24.2
E0029,2026-01,15.2
E0029,2026-02,12.8
E0029,2026-03,13.1
E0030,2025-01,26.6
E0030,2025-02,28.2
E0030,2025-03,23.7
E0030,2025-04,27.4
E0030,2025-05,23.6
E0030,2025-06,22.7
E0030,2025-07,20.1
E0030,2025-08,24.2
E0030,2025-09,24.1
E0030,2025-10,24.1
E0030,2025-11,27.3
E0030,2025-12,26.3
E0030,2026-01,17.6
E0030,2026-02,16.9
E0030,2026-03,22.9
E0031,2025-01,24.2
E0031,2025-02,24.3
E0031,2025-03,30.6
E0031,2025-04,26.2
E0031,2025-05,29.7
E0031,2025-06,26.4
E0031,2025-07,30.5
E0031,2025-08,26.0
E0031,2025-09,31.7
E0031,2025-10,25.8
E0031,2025-11,30.6
E0031,2025-12,23.3
E0031,2026-01,21.0
E0031,2026-02,14.1
E0031,2026-03,17.9
E0032,2025-01,10.1
E0032,2025-02,17.4
E0032,2025-03,19.7
E0032,2025-04,18.3
E0032,2025-05,17.6
E0032,2025-06,20.5
E0032,2025-07,18.5
E0032,2025-08,8.5
E0032,2025-09,18.4
E0032,2025-10,18.4
E0032,2025-11,7.1
E0032,2025-12,11.9
E0032,2026-01,17.5
E0032,2026-02,16.9
E0032,2026-03,15.8
E0033,2025-01,22.1
E0033,2025-02,15.3
E0033,2025-03,11.3
E0033,2025-04,19.3
E0033,2025-05,14.7
E0033,2025-06,14.3
E0033,2025-07,19.3
E0033,2025-08,17.4
E0033,2025-09,15.3
E0033,2025-10,17.1
E0033,2025-11,15.1
E0033,2025-12,19.5
E0033,2026-01,16.0
E0033,2026-02,14.2
E0033,2026-03,18.2
E0034,2025-01,6.0
E0034,2025-02,10.9
E0034,2025-03,10.0
E0034,2025-04,12.9
E0034,2025-05,7.1
E0034,2025-06,17.6
E0034,2025-07,8.7
E0034,2025-08,15.9
E0034,2025-09,14.1
E0034,2025-10,12.5
E0034,2025-11,12.6
E0034,2025-12,4.2
E0034,2026-01,24.9
E0034,2026-02,17.0
E0034,2026-03,14.4
E0035,2025-01,19.8
E0035,2025-02,34.8
E0035,2025-03,22.7
E0035,2025-04,23.4
E0035,2025-05,14.1
E0035,2025-06,20.8
E0035,2025-07,20.4
E0035,2025-08,18.8
E0035,2025-09,24.1
E0035,2025-10,20.1
E0035,2025-11,18.9
E0035,2025-12,15.9
E0036,2025-01,0.0
E0036,2025-02,0.0
E0036,2025-03,1.3
E0036,2025-04,0.7
E0036,2025-05,0.2
E0036,2025-06,0.0
E0036,2025-07,0.0
E0036,2025-08,3.2
E0036,2025-09,8.6
E0036,2025-10,9.1
E0036,2025-11,10.7
E0036,2025-12,3.8
E0036,2026-01,12.9
E0036,2026-02,13.3
E0036,2026-03,11.3
E0037,2025-01,7.9
E0037,2025-02,10.6
E0037,2025-03,6.6
E0037,2025-04,11.3
E0037,2025-05,7.4
E0037,2025-06,9.2
E0037,2025-07,5.2
E0037,2025-08,11.9
E0037,2025-09,4.1
E0037,2025-10,5.5
E0037,2025-11,6.7
E0037,2025-12,4.7
E0037,2026-01,16.9
E0037,2026-02,15.3
E0037,2026-03,14.1
E0038,2025-01,18.0
E0038,2025-02,16.2
E0038,2025-03,11.8
E0038,2025-04,13.6
E0038,2025-05,16.2
E0038,2025-06,16.5
E0038,2025-07,11.9
E0038,2025-08,15.8
E0038,2025-09,18.2
E0038,2025-10,14.5
E0038,2025-11,11.6
E0038,2025-12,21.0
E0038,2026-01,13.1
E0038,2026-02,18.3
E0038,2026-03,15.0
E0039,2025-01,24.4
E0039,2025-02,20.2
E0039,2025-03,22.3
E0039,2025-04,20.5
E0039,2025-05,17.9
E0039,2025-06,24.6
E0039,2025-07,28.6
E0039,2025-08,25.5
E0039,2025-09,22.9
E0039,2025-10,20.6
E0039,2025-11,11.2
E0039,2025-12,28.2
E0040,2025-01,45.2
E0040,2025-02,51.2
E0040,2025-03,51.6
E0040,2025-04,51.5
E0040,2025-05,42.3
E0040,2025-06,51.8
E0040,2025-07,46.0
E0040,2025-08,47.5
E0040,2025-09,47.4
E0040,2025-10,45.4
E0040,2025-11,46.7
E0040,2025-12,48.4
E0040,2026-01,12.7
E0040,2026-02,13.4
E0040,2026-03,14.8
E0041,2025-01,8.8
E0041,2025-02,6.0
E0041,2025-03,16.1
E0041,2025-04,13.7
E0041,2025-05,5.1
E0041,2025-06,14.2
E0041,2025-07,11.8
E0041,2025-08,7.3
E0041,2025-09,10.4
E0041,2025-10,14.0
E0041,2025-11,8.6
E0041,2025-12,8.5
E0041,2026-01,17.5
E0041,2026-02,13.1
E0041,2026-03,15.2
E0042,2025-01,20.3
E0042,2025-02,18.8
E0042,2025-03,18.2
E0042,2025-04,18.1
E0042,2025-05,24.3
E0042,2025-06,19.0
E0042,2025-07,26.9
E0042,2025-08,31.2
E0042,2025-09,22.0
E0042,2025-10,30.7
E0042,2025-11,24.8
E0042,2025-12,23.3
E0042,2026-01,13.2
E0042,2026-02,18.1
E0042,2026-03,13.8
E0043,2025-01,15.6
E0043,2025-02,8.0
E0043,2025-03,14.0
E0043,2025-04,11.3
E0043,2025-05,19.3
E0043,2025-06,22.7
E0043,2025-07,16.7
E0043,2025-08,16.8
E0043,2025-09,19.7
E0043,2025-10,16.3
E0043,2025-11,20.6
E0043,2025-12,25.3
E0043,2026-01,13.2
E0043,2026-02,11.3
E0043,2026-03,15.4
E0044,2025-01,12.4
E0044,2025-02,4.2
E0044,2025-03,10.0
E0044,2025-04,4.0
E0044,2025-05,5.8
E0044,2025-06,13.2
E0044,2025-07,2.7
E0044,2025-08,5.1
E0044,2025-09,11.2
E0044,2025-10,3.2
E0044,2025-11,0.0
E0044,2025-12,0.7
E0044,2026-01,14.7
E0044,2026-02,11.9
E0044,2026-03,18.6
E0045,2025-01,17.3
E0045,2025-02,19.6
E0045,2025-03,18.5
E0045,2025-04,17.7
E0045,2025-05,20.1
E0045,2025-06,17.8
E0045,2025-07,17.0
E0045,2025-08,20.7
E0045,2025-09,20.2
E0045,2025-10,23.8
E0045,2025-11,27.8
E0045,2025-12,11.3
E0045,2026-01,13.1
E0045,2026-02,19.4
E0045,2026-03,20.6
E0046,2025-01,18.7
E0046,2025-02,17.2
E0046,2025-03,21.7
E0046,2025-04,14.6
E0046,2025-05,15.1
E0046,2025-06,11.4
E0046,2025-07,20.7
E0046,2025-08,17.2
E0046,2025-09,21.1
E0046,2025-10,14.9
E0046,2025-11,13.9
E0046,2025-12,19.5
E0047,2025-01,8.4
E0047,2025-02,12.2
E0047,2025-03,11.8
E0047,2025-04,10.1
E0047,2025-05,7.3
E0047,2025-06,11.2
E0047,2025-07,6.7
E0047,2025-08,10.1
E0047,2025-09,16.5
E0047,2025-10,14.7
E0047,2025-11,7.7
E0047,2025-12,10.8
E0047,2026-01,16.3
E0047,2026-02,15.2
E0047,2026-03,16.4
E0048,2025-01,10.5
E0048,2025-02,13.7
E0048,2025-03,8.9
E0048,2025-04,10.0
E0048,2025-05,20.1
E0048,2025-06,13.1
E0048,2025-07,10.8
E0048,2025-08,4.1
E0048,2025-09,13.3
E0048,2025-10,21.3
E0048,2025-11,10.3
E0048,2025-12,11.1
E0048,2026-01,14.0
E0048,2026-02,15.6
E0048,2026-03,15.6
E0049,2025-01,13.1
E0049,2025-02,10.4
E0049,2025-03,21.7
E0049,2025-04,16.8
E0049,2025-05,15.7
E0049,2025-06,21.4
E0049,2025-07,19.7
E0049,2025-08,13.2
E0049,2025-09,11.8
E0049,2025-10,11.8
E0049,2025-11,10.7
E0049,2025-12,12.0
E0049,2026-01,18.2
E0049,2026-02,13.8
E0049,2026-03,16.0
E0050,2025-01,10.3
E0050,2025-02,7.8
E0050,2025-03,2.7
E0050,2025-04,16.5
E0050,2025-05,1.7
E0050,2025-06,13.8
E0050,2025-07,16.2
E0050,2025-08,14.1
E0050,2025-09,11.8
E0050,2025-10,13.2
E0050,2025-11,10.6
E0050,2025-12,12.0
E0050,2026-01,15.3
E0050,2026-02,12.4
E0050,2026-03,14.6
E0051,2025-01,33.5
E0051,2025-02,32.0
E0051,2025-03,39.5
E0051,2025-04,38.2
E0051,2025-05,34.1
E0051,2025-06,34.9
E0051,2025-07,31.7
E0051,2025-08,36.2
E0051,2025-09,34.3
E0051,2025-10,33.4
E0051,2025-11,35.8
E0051,2025-12,35.1
E0052,2025-01,10.4
E0052,2025-02,17.4
E0052,2025-03,17.7
E0052,2025-04,11.1
E0052,2025-05,26.6
E0052,2025-06,10.0
E0052,2025-07,16.3
E0052,2025-08,16.1
E0052,2025-09,16.7
E0052,2025-10,20.6
E0052,2025-11,12.7
E0052,2025-12,14.0
E0052,2026-01,17.1
E0052,2026-02,14.7
E0052,2026-03,14.6
E0053,2025-01,7.5
E0053,2025-02,0.0
E0053,2025-03,6.3
E0053,2025-04,7.4
E0053,2025-05,3.0
E0053,2025-06,14.5
E0053,2025-07,6.8
E0053,2025-08,2.8
E0053,2025-09,3.5
E0053,2025-10,2.6
E0053,2025-11,2.8
E0053,2025-12,7.1
E0053,2026-01,10.6
E0053,2026-02,17.2
E0053,2026-03,13.1
E0054,2025-01,6.6
E0054,2025-02,6.7
E0054,2025-03,7.6
E0054,2025-04,6.6
E0054,2025-05,13.6
E0054,2025-06,8.5
E0054,2025-07,0.8
E0054,2025-08,5.0
E0054,2025-09,0.4
E0054,2025-10,5.0
E0054,2025-11,0.0
E0054,2025-12,4.0
E0054,2026-01,15.5
E0054,2026-02,16.1
E0054,2026-03,16.6
E0055,2025-01,12.7
E0055,2025-02,7.8
E0055,2025-03,13.2
E0055,2025-04,11.7
E0055,2025-05,8.8
E0055,2025-06,16.9
E0055,2025-07,11.8
E0055,2025-08,17.7
E0055,2025-09,14.0
E0055,2025-10,11.6
E0055,2025-11,9.3
E0055,2025-12,8.5
E0055,2026-01,18.1
E0055,2026-02,16.8
E0055,2026-03,14.3
E0056,2025-01,17.1
E0056,2025-02,17.8
E0056,2025-03,13.0
E0056,2025-04,11.5
E0056,2025-05,19.2
E0056,2025-06,19.4
E0056,2025-07,13.1
E0056,2025-08,15.6
E0056,2025-09,18.4
E0056,2025-10,12.0
E0056,2025-11,12.9
E0056,2025-12,19.6
E0056,2026-01,15.3
E0056,2026-02,14.6
E0056,2026-03,16.9
E0057,2025-01,8.1
E0057,2025-02,11.9
E0057,2025-03,12.0
E0057,2025-04,6.8
E0057,2025-05,15.5
E0057,2025-06,5.4
E0057,2025-07,12.7
E0057,2025-08,9.8
E0057,2025-09,12.0
E0057,2025-10,10.7
E0057,2025-11,7.1
E0057,2025-12,10.4
E0057,2026-01,18.6
E0057,2026-02,13.7
E0057,2026-03,16.2
E0058,2025-01,14.7
E0058,2025-02,11.8
E0058,2025-03,10.9
E0058,2025-04,4.9
E0058,2025-05,9.3
E0058,2025-06,9.8
E0058,2025-07,16.2
E0058,2025-08,11.3
E0058,2025-09,14.8
E0058,2025-10,9.7
E0058,2025-11,4.6
E0058,2025-12,16.7
E0058,2026-01,19.9
E0058,2026-02,15.4
E0058,2026-03,15.6
E0059,2025-01,10.2
E0059,2025-02,17.0
E0059,2025-03,12.4
E0059,2025-04,18.8
E0059,2025-05,26.0
E0059,2025-06,15.1
E0059,2025-07,7.8
E0059,2025-08,15.5
E0059,2025-09,14.8
E0059,2025-10,8.4
E0059,2025-11,10.7
E0059,2025-12,11.5
E0059,2026-01,13.7
E0059,2026-02,18.0
E0059,2026-03,15.0
E0060,2025-01,4.6
E0060,2025-02,0.0
E0060,2025-03,0.0
E0060,2025-04,0.0
E0060,2025-05,0.0
E0060,2025-06,5.7
E0060,2025-07,3.6
E0060,2025-08,6.4
E0060,2025-09,0.4
E0060,2025-10,0.3
E0060,2025-11,4.6
E0060,2025-12,6.8
E0060,2026-01,19.2
E0060,2026-02,13.6
E0060,2026-03,13.1
E0061,2025-01,11.5
E0061,2025-02,3.1
E0061,2025-03,11.3
E0061,2025-04,13.6
E0061,2025-05,9.2
E0061,2025-06,12.2
E0061,2025-07,9.6
E0061,2025-08,3.0
E0061,2025-09,11.3
E0061,2025-10,9.1
E0061,2025-11,3.5
E0061,2025-12,5.3
E0061,2026-01,15.0
E0061,2026-02,14.1
E0061,2026-03,11.2
E0062,2025-01,8.9
E0062,2025-02,16.8
E0062,2025-03,14.5
E0062,2025-04,0.0
E0062,2025-05,7.3
E0062,2025-06,13.2
E0062,2025-07,5.6
E0062,2025-08,5.2
E0062,2025-09,5.1
E0062,2025-10,10.6
E0062,2025-11,8.8
E0062,2025-12,9.4
E0062,2026-01,13.5
E0062,2026-02,14.8
E0062,2026-03,14.2
E0063,2025-01,10.7
E0063,2025-02,18.5
E0063,2025-03,10.3
E0063,2025-04,15.0
E0063,2025-05,3.2
E0063,2025-06,11.4
E0063,2025-07,9.6
E0063,2025-08,11.9
E0063,2025-09,5.0
E0063,2025-10,18.1
E0063,2025-11,12.2
E0063,2025-12,20.5
E0064,2025-01,11.2
E0064,2025-02,9.2
E0064,2025-03,8.2
E0064,2025-04,10.8
E0064,2025-05,11.1
E0064,2025-06,10.1
E0064,2025-07,17.2
E0064,2025-08,12.7
E0064,2025-09,5.6
E0064,2025-10,4.9
E0064,2025-11,9.9
E0064,2025-12,8.9
E0064,2026-01,14.6
E0064,2026-02,15.3
E0064,2026-03,15.7
E0065,2025-01,5.4
E0065,2025-02,0.0
E0065,2025-03,7.9
E0065,2025-04,2.8
E0065,2025-05,13.2
E0065,2025-06,5.3
E0065,2025-07,3.9
E0065,2025-08,6.3
E0065,2025-09,1.7
E0065,2025-10,11.0
E0065,2025-11,13.8
E0065,2025-12,7.3
E0065,2026-01,20.1
E0065,2026-02,15.4
E0065,2026-03,17.8
E0066,2025-01,22.1
E0066,2025-02,17.1
E0066,2025-03,19.4
E0066,2025-04,21.6
E0066,2025-05,14.9
E0066,2025-06,25.8
E0066,2025-07,13.3
E0066,2025-08,11.2
E0066,2025-09,26.4
E0066,2025-10,22.6
E0066,2025-11,15.7
E0066,2025-12,20.1
E0066,2026-01,12.5
E0066,2026-02,14.6
E0066,2026-03,15.1
E0067,2025-01,13.5
E0067,2025-02,12.9
E0067,2025-03,8.4
E0067,2025-04,13.8
E0067,2025-05,17.2
E0067,2025-06,5.6
E0067,2025-07,10.6
E0067,2025-08,7.9
E0067,2025-09,9.5
E0067,2025-10,14.0
E0067,2025-11,7.3
E0067,2025-12,19.5
E0067,2026-01,11.9
E0067,2026-02,13.9
E0067,2026-03,17.9
E0068,2025-01,7.0
E0068,2025-02,5.2
E0068,2025-03,0.0
E0068,2025-04,7.3
E0068,2025-05,6.9
E0068,2025-06,1.4
E0068,2025-07,2.7
E0068,2025-08,13.6
E0068,2025-09,5.2
E0068,2025-10,6.9
E0068,2025-11,8.9
E0068,2025-12,6.1
E0068,2026-01,19.1
E0068,2026-02,18.0
E0068,2026-03,13.6
E0069,2025-01,11.4
E0069,2025-02,3.0
E0069,2025-03,4.3
E0069,2025-04,4.3
E0069,2025-05,2.8
E0069,2025-06,2.4
E0069,2025-07,6.1
E0069,2025-08,11.4
E0069,2025-09,1.2
E0069,2025-10,5.2
E0069,2025-11,9.0
E0069,2025-12,13.9
E0069,2026-01,15.8
E0069,2026-02,14.0
E0069,2026-03,11.8
E0070,2025-01,10.8
E0070,2025-02,6.3
E0070,2025-03,4.8
E0070,2025-04,11.6
E0070,2025-05,10.6
E0070,2025-06,7.1
E0070,2025-07,6.2
E0070,2025-08,15.1
E0070,2025-09,14.5
E0070,2025-10,8.6
E0070,2025-11,7.9
E0070,2025-12,2.5
E0070,2026-01,16.2
E0070,2026-02,15.8
E0070,2026-03,19.1
E0071,2025-01,2.8
E0071,2025-02,7.4
E0071,2025-03,0.0
E0071,2025-04,5.0
E0071,2025-05,5.3
E0071,2025-06,5.3
E0071,2025-07,0.0
E0071,2025-08,1.3
E0071,2025-09,0.1
E0071,2025-10,10.5
E0071,2025-11,8.8
E0071,2025-12,4.1
E0071,2026-01,10.7
E0071,2026-02,13.4
E0071,2026-03,14.1
E0072,2025-01,22.1
E0072,2025-02,22.0
E0072,2025-03,20.7
E0072,2025-04,14.5
E0072,2025-05,22.1
E0072,2025-06,30.1
E0072,2025-07,23.2
E0072,2025-08,19.5
E0072,2025-09,23.0
E0072,2025-10,21.1
E0072,2025-11,18.0
E0072,2025-12,17.5
E0072,2026-01,12.8
E0072,2026-02,17.4
E0072,2026-03,17.0
E0073,2025-01,24.4
E0073,2025-02,18.4
E0073,2025-03,24.3
E0073,2025-04,23.9
E0073,2025-05,27.2
E0073,2025-06,23.6
E0073,2025-07,20.1
E0073,2025-08,24.9
E0073,2025-09,28.4
E0073,2025-10,22.2
E0073,2025-11,30.7
E0073,2025-12,24.7
E0073,2026-01,14.5
E0073,2026-02,14.5
E0073,2026-03,12.6
E0074,2025-01,12.5
E0074,2025-02,11.5
E0074,2025-03,14.7
E0074,2025-04,13.6
E0074,2025-05,8.8
E0074,2025-06,20.3
E0074,2025-07,12.6
E0074,2025-08,20.3
E0074,2025-09,9.6
E0074,2025-10,17.8
E0074,2025-11,19.4
E0074,2025-12,19.0
E0074,2026-01,15.8
E0074,2026-02,19.5
E0074,2026-03,13.3
E0075,2025-01,19.1
E0075,2025-02,21.5
E0075,2025-03,19.3
E0075,2025-04,13.3
E0075,2025-05,19.1
E0075,2025-06,13.1
E0075,2025-07,12.6
E0075,2025-08,18.6
E0075,2025-09,15.1
E0075,2025-10,23.8
E0075,2025-11,24.2
E0075,2025-12,28.4
E0075,2026-01,20.0
E0075,2026-02,19.1
E0075,2026-03,17.0
E0076,2025-01,1.1
E0076,2025-02,2.0
E0076,2025-03,10.0
E0076,2025-04,5.3
E0076,2025-05,3.6
E0076,2025-06,5.0
E0076,2025-07,6.2
E0076,2025-08,9.2
E0076,2025-09,0.0
E0076,2025-10,8.2
E0076,2025-11,5.8
E0076,2025-12,3.4
E0076,2026-01,18.2
E0076,2026-02,18.0
E0076,2026-03,17.0
E0077,2025-01,28.8
E0077,2025-02,21.5
E0077,2025-03,21.9
E0077,2025-04,22.1
E0077,2025-05,29.5
E0077,2025-06,23.7
E0077,2025-07,23.0
E0077,2025-08,26.8
E0077,2025-09,14.3
E0077,2025-10,24.0
E0077,2025-11,24.1
E0077,2025-12,26.5
E0077,2026-01,18.0
E0077,2026-02,17.3
E0077,2026-03,15.2
E0078,2025-01,5.0
E0078,2025-02,0.0
E0078,2025-03,0.0
E0078,2025-04,6.3
E0078,2025-05,1.8
E0078,2025-06,2.5
E0078,2025-07,0.3
E0078,2025-08,3.8
E0078,2025-09,3.5
E0078,2025-10,0.0
E0078,2025-11,6.9
E0078,2025-12,0.9
E0078,2026-01,22.0
E0078,2026-02,18.1
E0078,2026-03,12.6
E0079,2025-01,13.5
E0079,2025-02,8.6
E0079,2025-03,7.4
E0079,2025-04,1.7
E0079,2025-05,9.9
E0079,2025-06,7.6
E0079,2025-07,8.5
E0079,2025-08,13.0
E0079,2025-09,11.2
E0079,2025-10,12.2
E0079,2025-11,0.0
E0079,2025-12,6.9
E0079,2026-01,11.9
E0079,2026-02,15.8
E0079,2026-03,11.3
E0080,2025-01,9.7
E0080,2025-02,18.0
E0080,2025-03,8.6
E0080,2025-04,20.3
E0080,2025-05,22.4
E0080,2025-06,15.4
E0080,2025-07,17.5
E0080,2025-08,22.3
E0080,2025-09,24.5
E0080,2025-10,22.9
E0080,2025-11,18.3
E0080,2025-12,22.6
E0080,2026-01,16.8
E0080,2026-02,14.5
E0080,2026-03,15.1
E0081,2025-01,16.3
E0081,2025-02,17.4
E0081,2025-03,23.9
E0081,2025-04,20.3
E0081,2025-05,22.9
E0081,2025-06,23.8
E0081,2025-07,23.9
E0081,2025-08,12.8
E0081,2025-09,22.9
E0081,2025-10,17.7
E0081,2025-11,21.2
E0081,2025-12,18.4
E0081,2026-01,15.7
E0081,2026-02,14.1
E0081,2026-03,15.0
E0082,2025-01,6.9
E0082,2025-02,6.2
E0082,2025-03,11.7
E0082,2025-04,8.0
E0082,2025-05,7.6
E0082,2025-06,7.3
E0082,2025-07,11.0
E0082,2025-08,5.2
E0082,2025-09,15.0
E0082,2025-10,6.0
E0082,2025-11,6.9
E0082,2025-12,8.7
E0082,2026-01,13.2
E0082,2026-02,14.4
E0082,2026-03,16.7
E0083,2025-01,17.1
E0083,2025-02,14.5
E0083,2025-03,14.3
E0083,2025-04,19.6
E0083,2025-05,6.1
E0083,2025-06,12.9
E0083,2025-07,11.9
E0083,2025-08,13.6
E0083,2025-09,20.8
E0083,2025-10,12.5
E0083,2025-11,14.8
E0083,2025-12,17.4
E0083,2026-01,20.4
E0083,2026-02,18.3
E0083,2026-03,13.2
E0084,2025-01,4.1
E0084,2025-02,0.0
E0084,2025-03,0.0
E0084,2025-04,12.5
E0084,2025-05,9.0
E0084,2025-06,5.9
E0084,2025-07,5.9
E0084,2025-08,3.8
E0084,2025-09,7.9
E0084,2025-10,10.1
E0084,2025-11,3.6
E0084,2025-12,8.3
E0084,2026-01,17.2
E0084,2026-02,12.3
E0084,2026-03,17.9
E0085,2025-01,7.8
E0085,2025-02,10.9
E0085,2025-03,9.0
E0085,2025-04,14.9
E0085,2025-05,11.3
E0085,2025-06,6.6
E0085,2025-07,10.9
E0085,2025-08,15.2
E0085,2025-09,6.4
E0085,2025-10,10.2
E0085,2025-11,9.7
E0085,2025-12,12.1
E0085,2026-01,22.2
E0085,2026-02,19.3
E0085,2026-03,18.3
E0086,2025-01,12.4
E0086,2025-02,14.7
E0086,2025-03,10.4
E0086,2025-04,12.5
E0086,2025-05,12.4
E0086,2025-06,20.4
E0086,2025-07,14.5
E0086,2025-08,16.6
E0086,2025-09,20.6
E0086,2025-10,14.2
E0086,2025-11,12.3
E0086,2025-12,9.3
E0086,2026-01,14.8
E0086,2026-02,18.6
E0086,2026-03,16.7
E0087,2025-01,4.2
E0087,2025-02,0.5
E0087,2025-03,12.7
E0087,2025-04,10.9
E0087,2025-05,8.2
E0087,2025-06,8.1
E0087,2025-07,5.1
E0087,2025-08,11.1
E0087,2025-09,6.7
E0087,2025-10,8.1
E0087,2025-11,4.7
E0087,2025-12,5.4
E0087,2026-01,14.2
E0087,2026-02,14.7
E0087,2026-03,18.3
E0088,2025-01,23.0
E0088,2025-02,23.7
E0088,2025-03,14.3
E0088,2025-04,21.6
E0088,2025-05,16.3
E0088,2025-06,17.2
E0088,2025-07,24.0
E0088,2025-08,18.1
E0088,2025-09,18.1
E0088,2025-10,12.7
E0088,2025-11,17.9
E0088,2025-12,16.7
E0088,2026-01,12.8
E0088,2026-02,11.7
E0088,2026-03,14.9
E0089,2025-01,10.7
E0089,2025-02,6.7
E0089,2025-03,13.7
E0089,2025-04,10.4
E0089,2025-05,9.6
E0089,2025-06,11.6
E0089,2025-07,9.6
E0089,2025-08,11.7
E0089,2025-09,8.2
E0089,2025-10,8.5
E0089,2025-11,5.6
E0089,2025-12,6.0
E0089,2026-01,18.3
E0089,2026-02,19.3
E0089,2026-03,21.8
E0090,2025-01,20.6
E0090,2025-02,17.2
E0090,2025-03,9.2
E0090,2025-04,19.6
E0090,2025-05,15.9
E0090,2025-06,12.2
E0090,2025-07,22.5
E0090,2025-08,20.4
E0090,2025-09,18.4
E0090,2025-10,16.0
E0090,2025-11,16.7
E0090,2025-12,6.7
E0090,2026-01,13.0
E0090,2026-02,12.9
E0090,2026-03,13.4
E0091,2025-01,13.0
E0091,2025-02,10.8
E0091,2025-03,11.0
E0091,2025-04,10.9
E0091,2025-05,8.2
E0091,2025-06,6.2
E0091,2025-07,10.4
E0091,2025-08,4.7
E0091,2025-09,11.2
E0091,2025-10,5.9
E0091,2025-11,13.9
E0091,2025-12,4.3
E0092,2025-01,23.6
E0092,2025-02,24.1
E0092,2025-03,28.6
E0092,2025-04,24.8
E0092,2025-05,20.5
E0092,2025-06,20.2
E0092,2025-07,29.6
E0092,2025-08,23.6
E0092,2025-09,23.0
E0092,2025-10,21.0
E0092,2025-11,18.9
E0092,2025-12,31.4
E0092,2026-01,17.6
E0092,2026-02,19.4
E0092,2026-03,21.6
E0093,2025-01,12.5
E0093,2025-02,7.8
E0093,2025-03,15.2
E0093,2025-04,14.6
E0093,2025-05,7.3
E0093,2025-06,9.9
E0093,2025-07,14.1
E0093,2025-08,15.1
E0093,2025-09,9.2
E0093,2025-10,4.8
E0093,2025-11,13.2
E0093,2025-12,15.7
E0093,2026-01,15.3
E0093,2026-02,17.7
E0093,2026-03,13.7
E0094,2025-01,8.5
E0094,2025-02,7.5
E0094,2025-03,15.1
E0094,2025-04,0.7
E0094,2025-05,11.6
E0094,2025-06,11.9
E0094,2025-07,5.6
E0094,2025-08,0.0
E0094,2025-09,11.8
E0094,2025-10,10.0
E0094,2025-11,14.4
E0094,2025-12,6.5
E0095,2025-01,18.8
E0095,2025-02,11.4
E0095,2025-03,21.0
E0095,2025-04,12.0
E0095,2025-05,18.0
E0095,2025-06,14.0
E0095,2025-07,19.5
E0095,2025-08,17.4
E0095,2025-09,17.2
E0095,2025-10,17.9
E0095,2025-11,18.3
E0095,2025-12,23.8
E0095,2026-01,15.0
E0095,2026-02,14.3
E0095,2026-03,15.0
E0096,2025-01,6.6
E0096,2025-02,2.0
E0096,2025-03,2.3
E0096,2025-04,8.8
E0096,2025-05,0.4
E0096,2025-06,4.8
E0096,2025-07,0.0
E0096,2025-08,4.2
E0096,2025-09,0.3
E0096,2025-10,2.1
E0096,2025-11,5.5
E0096,2025-12,7.1
E0096,2026-01,13.3
E0096,2026-02,12.2
E0096,2026-03,15.8
E0097,2025-01,6.4
E0097,2025-02,13.8
E0097,2025-03,4.5
E0097,2025-04,12.4
E0097,2025-05,7.6
E0097,2025-06,13.1
E0097,2025-07,7.6
E0097,2025-08,6.5
E0097,2025-09,11.7
E0097,2025-10,11.1
E0097,2025-11,7.1
E0097,2025-12,11.5
E0097,2026-01,16.2
E0097,2026-02,11.7
E0097,2026-03,13.4
E0098,2025-01,17.9
E0098,2025-02,19.0
E0098,2025-03,19.7
E0098,2025-04,12.8
E0098,2025-05,18.4
E0098,2025-06,12.5
E0098,2025-07,14.2
E0098,2025-08,18.0
E0098,2025-09,22.3
E0098,2025-10,17.5
E0098,2025-11,17.0
E0098,2025-12,16.6
E0098,2026-01,13.0
E0098,2026-02,20.3
E0098,2026-03,19.2
E0099,2025-01,13.6
E0099,2025-02,7.5
E0099,2025-03,6.4
E0099,2025-04,17.4
E0099,2025-05,13.7
E0099,2025-06,9.2
E0099,2025-07,9.4
E0099,2025-08,9.8
E0099,2025-09,6.8
E0099,2025-10,10.8
E0099,2025-11,12.1
E0099,2025-12,17.4
E0099,2026-01,14.0
E0099,2026-02,13.2
E0099,2026-03,13.2
E0100,2025-01,13.0
E0100,2025-02,15.5
E0100,2025-03,11.4
E0100,2025-04,10.7
E0100,2025-05,12.5
E0100,2025-06,16.0
E0100,2025-07,10.2
E0100,2025-08,13.5
E0100,2025-09,13.4
E0100,2025-10,12.5
E0100,2025-11,16.0
E0100,2025-12,12.7
E0100,2026-01,15.6
E0100,2026-02,12.1
E0100,2026-03,14.4
E0101,2025-01,7.6
E0101,2025-02,8.0
E0101,2025-03,0.0
E0101,2025-04,7.5
E0101,2025-05,3.9
E0101,2025-06,7.3
E0101,2025-07,8.1
E0101,2025-08,10.0
E0101,2025-09,16.2
E0101,2025-10,13.6
E0101,2025-11,8.1
E0101,2025-12,10.4
E0102,2025-01,12.6
E0102,2025-02,15.0
E0102,2025-03,15.1
E0102,2025-04,10.3
E0102,2025-05,12.4
E0102,2025-06,7.4
E0102,2025-07,13.5
E0102,2025-08,14.1
E0102,2025-09,13.9
E0102,2025-10,10.2
E0102,2025-11,13.9
E0102,2025-12,14.9
E0102,2026-01,12.2
E0102,2026-02,10.3
E0102,2026-03,16.5
E0103,2025-01,6.5
E0103,2025-02,5.7
E0103,2025-03,3.4
E0103,2025-04,4.1
E0103,2025-05,5.7
E0103,2025-06,2.9
E0103,2025-07,1.2
E0103,2025-08,3.1
E0103,2025-09,6.2
E0103,2025-10,7.5
E0103,2025-11,8.4
E0103,2025-12,1.2
E0103,2026-01,14.3
E0103,2026-02,11.2
E0103,2026-03,13.6
E0104,2025-01,15.0
E0104,2025-02,4.5
E0104,2025-03,6.4
E0104,2025-04,12.1
E0104,2025-05,0.7
E0104,2025-06,7.9
E0104,2025-07,6.2
E0104,2025-08,1.8
E0104,2025-09,1.8
E0104,2025-10,11.8
E0104,2025-11,9.4
E0104,2025-12,11.1
E0104,2026-01,20.0
E0104,2026-02,21.2
E0104,2026-03,19.6
E0105,2025-01,1.9
E0105,2025-02,7.2
E0105,2025-03,15.1
E0105,2025-04,5.1
E0105,2025-05,6.2
E0105,2025-06,6.1
E0105,2025-07,5.6
E0105,2025-08,2.9
E0105,2025-09,6.2
E0105,2025-10,12.5
E0105,2025-11,5.8
E0105,2025-12,10.9
E0106,2025-01,35.2
E0106,2025-02,20.5
E0106,2025-03,25.9
E0106,2025-04,19.1
E0106,2025-05,23.2
E0106,2025-06,33.8
E0106,2025-07,26.4
E0106,2025-08,25.0
E0106,2025-09,19.0
E0106,2025-10,21.4
E0106,2025-11,20.4
E0106,2025-12,19.7
E0106,2026-01,16.0
E0106,2026-02,12.6
E0106,2026-03,12.6
E0107,2025-01,18.0
E0107,2025-02,17.4
E0107,2025-03,14.0
E0107,2025-04,12.5
E0107,2025-05,17.6
E0107,2025-06,21.4
E0107,2025-07,18.6
E0107,2025-08,15.1
E0107,2025-09,18.4
E0107,2025-10,18.5
E0107,2025-11,15.3
E0107,2025-12,15.3
E0107,2026-01,18.9
E0107,2026-02,14.7
E0107,2026-03,17.3
E0108,2025-01,14.4
E0108,2025-02,19.8
E0108,2025-03,15.8
E0108,2025-04,12.6
E0108,2025-05,12.7
E0108,2025-06,16.3
E0108,2025-07,12.7
E0108,2025-08,27.4
E0108,2025-09,18.4
E0108,2025-10,14.5
E0108,2025-11,17.2
E0108,2025-12,19.4
E0108,2026-01,13.7
E0108,2026-02,19.4
E0108,2026-03,15.4
E0109,2025-01,12.3
E0109,2025-02,7.6
E0109,2025-03,11.0
E0109,2025-04,10.5
E0109,2025-05,9.6
E0109,2025-06,8.1
E0109,2025-07,14.9
E0109,2025-08,13.3
E0109,2025-09,13.3
E0109,2025-10,4.0
E0109,2025-11,9.8
E0109,2025-12,16.4
E0109,2026-01,15.4
E0109,2026-02,14.2
E0109,2026-03,14.9
E0110,2025-01,31.7
E0110,2025-02,25.5
E0110,2025-03,36.8
E0110,2025-04,20.4
E0110,2025-05,30.6
E0110,2025-06,37.0
E0110,2025-07,23.9
E0110,2025-08,28.2
E0110,2025-09,24.5
E0110,2025-10,35.8
E0110,2025-11,26.9
E0110,2025-12,34.1
E0110,2026-01,16.2
E0110,2026-02,11.8
E0110,2026-03,13.0
E0111,2025-01,36.8
E0111,2025-02,26.1
E0111,2025-03,25.2
E0111,2025-04,33.1
E0111,2025-05,34.3
E0111,2025-06,30.9
E0111,2025-07,31.3
E0111,2025-08,37.1
E0111,2025-09,30.3
E0111,2025-10,36.7
E0111,2025-11,28.9
E0111,2025-12,40.8
E0112,2025-01,0.0
E0112,2025-02,7.9
E0112,2025-03,0.0
E0112,2025-04,6.3
E0112,2025-05,3.1
E0112,2025-06,4.3
E0112,2025-07,5.8
E0112,2025-08,4.1
E0112,2025-09,3.8
E0112,2025-10,0.0
E0112,2025-11,8.7
E0112,2025-12,9.3
E0112,2026-01,15.1
E0112,2026-02,14.6
E0112,2026-03,12.7
E0113,2025-01,9.1
E0113,2025-02,11.8
E0113,2025-03,15.0
E0113,2025-04,12.0
E0113,2025-05,7.4
E0113,2025-06,4.7
E0113,2025-07,12.1
E0113,2025-08,10.1
E0113,2025-09,9.5
E0113,2025-10,6.5
E0113,2025-11,8.2
E0113,2025-12,10.9
E0113,2026-01,13.9
E0113,2026-02,9.9
E0113,2026-03,13.6
E0114,2025-01,16.9
E0114,2025-02,18.2
E0114,2025-03,17.9
E0114,2025-04,20.7
E0114,2025-05,12.3
E0114,2025-06,16.6
E0114,2025-07,13.6
E0114,2025-08,18.7
E0114,2025-09,14.8
E0114,2025-10,21.8
E0114,2025-11,16.4
E0114,2025-12,15.7
E0115,2025-01,7.6
E0115,2025-02,11.9
E0115,2025-03,5.8
E0115,2025-04,10.5
E0115,2025-05,10.4
E0115,2025-06,8.8
E0115,2025-07,11.8
E0115,2025-08,9.0
E0115,2025-09,12.0
E0115,2025-10,8.7
E0115,2025-11,7.9
E0115,2025-12,11.9
E0115,2026-01,18.7
E0115,2026-02,13.5
E0115,2026-03,14.3
E0116,2025-01,6.9
E0116,2025-02,15.1
E0116,2025-03,2.3
E0116,2025-04,6.8
E0116,2025-05,1.9
E0116,2025-06,6.7
E0116,2025-07,8.9
E0116,2025-08,4.2
E0116,2025-09,6.5
E0116,2025-10,5.4
E0116,2025-11,3.7
E0116,2025-12,2.0
E0116,2026-01,21.4
E0116,2026-02,17.9
E0116,2026-03,14.8
E0117,2025-01,4.5
E0117,2025-02,0.6
E0117,2025-03,10.1
E0117,2025-04,13.4
E0117,2025-05,0.3
E0117,2025-06,10.1
E0117,2025-07,5.8
E0117,2025-08,3.4
E0117,2025-09,6.5
E0117,2025-10,2.7
E0117,2025-11,6.9
E0117,2025-12,4.8
E0117,2026-01,11.1
E0117,2026-02,13.0
E0117,2026-03,15.8
E0118,2025-01,2.4
E0118,2025-02,8.4
E0118,2025-03,0.0
E0118,2025-04,1.5
E0118,2025-05,0.0
E0118,2025-06,4.3
E0118,2025-07,1.7
E0118,2025-08,0.8
E0118,2025-09,4.9
E0118,2025-10,6.2
E0118,2025-11,8.5
E0118,2025-12,15.5
E0118,2026-01,17.2
E0118,2026-02,16.8
E0118,2026-03,19.4
E0119,2025-01,0.0
E0119,2025-02,0.0
E0119,2025-03,2.2
E0119,2025-04,2.6
E0119,2025-05,9.2
E0119,2025-06,4.3
E0119,2025-07,0.0
E0119,2025-08,0.0
E0119,2025-09,4.9
E0119,2025-10,1.4
E0119,2025-11,7.9
E0119,2025-12,4.3
E0119,2026-01,15.3
E0119,2026-02,14.2
E0119,2026-03,18.9
E0120,2025-01,12.4
E0120,2025-02,11.9
E0120,2025-03,18.0
E0120,2025-04,15.3
E0120,2025-05,21.2
E0120,2025-06,18.0
E0120,2025-07,17.9
E0120,2025-08,11.7
E0120,2025-09,14.7
E0120,2025-10,16.4
E0120,2025-11,9.1
E0120,2025-12,19.1
E0120,2026-01,17.3
E0120,2026-02,18.5
E0120,2026-03,17.2
E0121,2025-01,9.8
E0121,2025-02,4.3
E0121,2025-03,11.5
E0121,2025-04,11.3
E0121,2025-05,8.5
E0121,2025-06,6.1
E0121,2025-07,10.4
E0121,2025-08,0.4
E0121,2025-09,6.7
E0121,2025-10,3.0
E0121,2025-11,3.7
E0121,2025-12,8.2
E0121,2026-01,14.0
E0121,2026-02,11.3
E0121,2026-03,14.5
E0122,2025-01,12.0
E0122,2025-02,9.1
E0122,2025-03,24.1
E0122,2025-04,12.8
E0122,2025-05,11.9
E0122,2025-06,20.0
E0122,2025-07,12.8
E0122,2025-08,10.2
E0122,2025-09,11.6
E0122,2025-10,13.5
E0122,2025-11,10.9
E0122,2025-12,11.9
E0123,2025-01,14.2
E0123,2025-02,19.9
E0123,2025-03,24.3
E0123,2025-04,20.4
E0123,2025-05,15.1
E0123,2025-06,10.3
E0123,2025-07,18.8
E0123,2025-08,11.9
E0123,2025-09,14.5
E0123,2025-10,22.4
E0123,2025-11,22.8
E0123,2025-12,16.7
E0123,2026-01,14.7
E0123,2026-02,17.3
E0123,2026-03,15.7
E0124,2025-01,13.7
E0124,2025-02,13.6
E0124,2025-03,11.4
E0124,2025-04,7.7
E0124,2025-05,6.6
E0124,2025-06,9.0
E0124,2025-07,3.7
E0124,2025-08,6.9
E0124,2025-09,11.2
E0124,2025-10,6.3
E0124,2025-11,15.0
E0124,2025-12,9.8
E0124,2026-01,14.0
E0124,2026-02,16.6
E0124,2026-03,11.1
E0125,2025-01,13.6
E0125,2025-02,9.6
E0125,2025-03,13.0
E0125,2025-04,6.0
E0125,2025-05,12.2
E0125,2025-06,12.6
E0125,2025-07,15.6
E0125,2025-08,2.5
E0125,2025-09,7.8
E0125,2025-10,3.4
E0125,2025-11,7.1
E0125,2025-12,10.1
E0125,2026-01,19.3
E0125,2026-02,18.4
E0125,2026-03,14.9
E0126,2025-01,16.7
E0126,2025-02,23.3
E0126,2025-03,19.7
E0126,2025-04,12.3
E0126,2025-05,17.2
E0126,2025-06,19.2
E0126,2025-07,13.9
E0126,2025-08,14.0
E0126,2025-09,13.4
E0126,2025-10,16.2
E0126,2025-11,15.9
E0126,2025-12,14.9
E0126,2026-01,17.0
E0126,2026-02,16.3
E0126,2026-03,18.6
E0127,2025-01,16.5
E0127,2025-02,13.6
E0127,2025-03,3.1
E0127,2025-04,2.4
E0127,2025-05,11.2
E0127,2025-06,9.2
E0127,2025-07,2.6
E0127,2025-08,2.0
E0127,2025-09,8.6
E0127,2025-10,10.6
E0127,2025-11,10.8
E0127,2025-12,7.2
E0127,2026-01,14.2
E0127,2026-02,11.9
E0127,2026-03,17.3
E0128,2025-01,7.6
E0128,2025-02,7.9
E0128,2025-03,11.8
E0128,2025-04,3.7
E0128,2025-05,9.9
E0128,2025-06,13.9
E0128,2025-07,8.5
E0128,2025-08,10.5
E0128,2025-09,11.5
E0128,2025-10,7.2
E0128,2025-11,9.5
E0128,2025-12,4.7
E0128,2026-01,18.1
E0128,2026-02,16.6
E0128,2026-03,19.5
E0129,2025-01,30.0
E0129,2025-02,28.7
E0129,2025-03,32.8
E0129,2025-04,31.6
E0129,2025-05,32.8
E0129,2025-06,33.0
E0129,2025-07,25.2
E0129,2025-08,30.0
E0129,2025-09,30.8
E0129,2025-10,25.6
E0129,2025-11,33.0
E0129,2025-12,27.7
E0130,2025-01,12.7
E0130,2025-02,14.5
E0130,2025-03,11.8
E0130,2025-04,17.4
E0130,2025-05,19.8
E0130,2025-06,10.2
E0130,2025-07,13.9
E0130,2025-08,19.6
E0130,2025-09,7.6
E0130,2025-10,0.0
E0130,2025-11,14.0
E0130,2025-12,8.6
E0130,2026-01,11.2
E0130,2026-02,13.8
E0130,2026-03,17.1
E0131,2025-01,3.1
E0131,2025-02,5.1
E0131,2025-03,1.7
E0131,2025-04,14.7
E0131,2025-05,13.7
E0131,2025-06,7.0
E0131,2025-07,7.3
E0131,2025-08,8.7
E0131,2025-09,14.6
E0131,2025-10,3.7
E0131,2025-11,7.3
E0131,2025-12,12.9
E0131,2026-01,12.3
E0131,2026-02,13.6
E0131,2026-03,16.6
E0132,2025-01,15.5
E0132,2025-02,13.4
E0132,2025-03,17.5
E0132,2025-04,9.7
E0132,2025-05,18.3
E0132,2025-06,15.8
E0132,2025-07,19.3
E0132,2025-08,14.0
E0132,2025-09,18.6
E0132,2025-10,17.6
E0132,2025-11,12.1
E0132,2025-12,13.0
E0132,2026-01,17.0
E0132,2026-02,16.8
E0132,2026-03,13.4
E0133,2025-01,29.9
E0133,2025-02,28.8
E0133,2025-03,18.1
E0133,2025-04,23.2
E0133,2025-05,26.2
E0133,2025-06,27.1
E0133,2025-07,26.1
E0133,2025-08,26.5
E0133,2025-09,23.5
E0133,2025-10,25.7
E0133,2025-11,21.1
E0133,2025-12,23.5
E0133,2026-01,13.1
E0133,2026-02,17.9
E0133,2026-03,15.9
E0134,2025-01,5.1
E0134,2025-02,9.2
E0134,2025-03,9.9
E0134,2025-04,10.1
E0134,2025-05,16.3
E0134,2025-06,7.1
E0134,2025-07,10.9
E0134,2025-08,16.0
E0134,2025-09,8.1
E0134,2025-10,18.5
E0134,2025-11,14.1
E0134,2025-12,16.2
E0134,2026-01,11.7
E0134,2026-02,16.2
E0134,2026-03,15.9
E0135,2025-01,1.7
E0135,2025-02,2.4
E0135,2025-03,4.9
E0135,2025-04,8.7
E0135,2025-05,8.6
E0135,2025-06,7.1
E0135,2025-07,4.6
E0135,2025-08,2.4
E0135,2025-09,9.7
E0135,2025-10,4.0
E0135,2025-11,0.0
E0135,2025-12,1.6
E0135,2026-01,18.3
E0135,2026-02,16.0
E0135,2026-03,15.8
E0136,2025-01,0.0
E0136,2025-02,0.5
E0136,2025-03,1.6
E0136,2025-04,0.0
E0136,2025-05,0.0
E0136,2025-06,0.4
E0136,2025-07,1.1
E0136,2025-08,0.0
E0136,2025-09,11.8
E0136,2025-10,0.4
E0136,2025-11,0.0
E0136,2025-12,0.0
E0136,2026-01,12.7
E0136,2026-02,14.2
E0136,2026-03,15.8
E0137,2025-01,71.7
E0137,2025-02,61.2
E0137,2025-03,61.5
E0137,2025-04,68.5
E0137,2025-05,70.5
E0137,2025-06,68.3
E0137,2025-07,76.7
E0137,2025-08,66.5
E0137,2025-09,67.4
E0137,2025-10,68.5
E0137,2025-11,68.8
E0137,2025-12,68.1
E0137,2026-01,68.9
E0137,2026-02,66.9
E0137,2026-03,74.9
E0138,2025-01,34.1
E0138,2025-02,29.5
E0138,2025-03,37.5
E0138,2025-04,38.7
E0138,2025-05,32.9
E0138,2025-06,34.6
E0138,2025-07,41.0
E0138,2025-08,31.7
E0138,2025-09,35.6
E0138,2025-10,35.2
E0138,2025-11,41.2
E0138,2025-12,42.2
E0138,2026-01,17.5
E0138,2026-02,13.7
E0138,2026-03,17.0
E0139,2025-01,37.4
E0139,2025-02,48.4
E0139,2025-03,34.3
E0139,2025-04,16.3
E0139,2025-05,32.2
E0139,2025-06,32.4
E0139,2025-07,40.4
E0139,2025-08,33.5
E0139,2025-09,39.5
E0139,2025-10,37.4
E0139,2025-11,35.4
E0139,2025-12,35.8
E0139,2026-01,16.0
E0139,2026-02,17.0
E0139,2026-03,11.1
E0140,2025-01,21.6
E0140,2025-02,25.0
E0140,2025-03,19.5
E0140,2025-04,19.0
E0140,2025-05,22.1
E0140,2025-06,21.3
E0140,2025-07,19.7
E0140,2025-08,29.2
E0140,2025-09,23.3
E0140,2025-10,18.3
E0140,2025-11,22.9
E0140,2025-12,16.7
E0141,2025-01,5.5
E0141,2025-02,13.3
E0141,2025-03,6.6
E0141,2025-04,10.2
E0141,2025-05,5.9
E0141,2025-06,8.9
E0141,2025-07,8.3
E0141,2025-08,9.7
E0141,2025-09,19.3
E0141,2025-10,15.2
E0141,2025-11,9.6
E0141,2025-12,9.3
E0141,2026-01,14.3
E0141,2026-02,17.1
E0141,2026-03,15.4
E0142,2025-01,25.0
E0142,2025-02,23.6
E0142,2025-03,27.2
E0142,2025-04,33.1
E0142,2025-05,15.2
E0142,2025-06,31.9
E0142,2025-07,32.4
E0142,2025-08,19.3
E0142,2025-09,27.9
E0142,2025-10,26.0
E0142,2025-11,27.1
E0142,2025-12,28.6
E0142,2026-01,16.2
E0142,2026-02,17.6
E0142,2026-03,10.6
E0143,2025-01,11.4
E0143,2025-02,4.7
E0143,2025-03,16.7
E0143,2025-04,8.2
E0143,2025-05,20.7
E0143,2025-06,6.4
E0143,2025-07,5.9
E0143,2025-08,11.4
E0143,2025-09,13.7
E0143,2025-10,15.2
E0143,2025-11,6.2
E0143,2025-12,8.8
E0143,2026-01,14.1
E0143,2026-02,14.9
E0143,2026-03,17.9
E0144,2025-01,25.1
E0144,2025-02,16.2
E0144,2025-03,21.2
E0144,2025-04,10.1
E0144,2025-05,11.2
E0144,2025-06,21.5
E0144,2025-07,17.0
E0144,2025-08,20.7
E0144,2025-09,15.1
E0144,2025-10,11.0
E0144,2025-11,18.0
E0144,2025-12,12.1
E0145,2025-01,16.9
E0145,2025-02,12.5
E0145,2025-03,19.0
E0145,2025-04,15.3
E0145,2025-05,15.2
E0145,2025-06,17.7
E0145,2025-07,20.1
E0145,2025-08,17.1
E0145,2025-09,23.5
E0145,2025-10,23.3
E0145,2025-11,13.6
E0145,2025-12,11.9
E0145,2026-01,15.4
E0145,2026-02,15.9
E0145,2026-03,11.9
E0146,2025-01,4.9
E0146,2025-02,17.0
E0146,2025-03,4.9
E0146,2025-04,8.2
E0146,2025-05,9.8
E0146,2025-06,16.9
E0146,2025-07,4.5
E0146,2025-08,14.1
E0146,2025-09,9.8
E0146,2025-10,9.3
E0146,2025-11,9.7
E0146,2025-12,7.0
E0146,2026-01,11.1
E0146,2026-02,16.9
E0146,2026-03,14.5
E0147,2025-01,34.4
E0147,2025-02,33.2
E0147,2025-03,30.9
E0147,2025-04,31.4
E0147,2025-05,40.8
E0147,2025-06,34.7
E0147,2025-07,38.8
E0147,2025-08,35.4
E0147,2025-09,35.3
E0147,2025-10,35.8
E0147,2025-11,39.0
E0147,2025-12,33.4
E0147,2026-01,15.6
E0147,2026-02,15.8
E0147,2026-03,16.5
E0148,2025-01,18.6
E0148,2025-02,22.8
E0148,2025-03,23.5
E0148,2025-04,25.1
E0148,2025-05,15.3
E0148,2025-06,16.6
E0148,2025-07,18.4
E0148,2025-08,13.9
E0148,2025-09,22.7
E0148,2025-10,20.3
E0148,2025-11,18.6
E0148,2025-12,23.3
E0148,2026-01,9.9
E0148,2026-02,14.4
E0148,2026-03,17.5
E0149,2025-01,3.2
E0149,2025-02,10.7
E0149,2025-03,13.2
E0149,2025-04,7.4
E0149,2025-05,6.2
E0149,2025-06,6.9
E0149,2025-07,0.6
E0149,2025-08,5.4
E0149,2025-09,14.4
E0149,2025-10,14.7
E0149,2025-11,6.6
E0149,2025-12,4.0
E0149,2026-01,15.4
E0149,2026-02,11.9
E0149,2026-03,22.4
E0150,2025-01,13.9
E0150,2025-02,9.7
E0150,2025-03,13.6
E0150,2025-04,6.8
E0150,2025-05,11.0
E0150,2025-06,8.4
E0150,2025-07,9.8
E0150,2025-08,7.5
E0150,2025-09,9.2
E0150,2025-10,11.0
E0150,2025-11,12.6
E0150,2025-12,9.2
E0150,2026-01,14.3
E0150,2026-02,15.2
E0150,2026-03,13.1
E0151,2025-01,34.7
E0151,2025-02,23.8
E0151,2025-03,22.9
E0151,2025-04,26.5
E0151,2025-05,29.0
E0151,2025-06,35.4
E0151,2025-07,28.2
E0151,2025-08,25.1
E0151,2025-09,26.3
E0151,2025-10,29.2
E0151,2025-11,24.6
E0151,2025-12,36.6
E0151,2026-01,17.0
E0151,2026-02,17.1
E0151,2026-03,13.2
E0152,2025-01,3.1
E0152,2025-02,9.5
E0152,2025-03,10.3
E0152,2025-04,8.6
E0152,2025-05,15.2
E0152,2025-06,9.9
E0152,2025-07,15.0
E0152,2025-08,18.8
E0152,2025-09,17.5
E0152,2025-10,13.1
E0152,2025-11,12.5
E0152,2025-12,16.0
E0152,2026-01,13.1
E0152,2026-02,11.5
E0152,2026-03,11.7
E0153,2025-01,22.0
E0153,2025-02,21.2
E0153,2025-03,19.2
E0153,2025-04,24.4
E0153,2025-05,19.0
E0153,2025-06,20.3
E0153,2025-07,31.6
E0153,2025-08,25.9
E0153,2025-09,24.8
E0153,2025-10,20.3
E0153,2025-11,26.3
E0153,2025-12,19.1
E0153,2026-01,14.9
E0153,2026-02,19.2
E0153,2026-03,19.3
E0154,2025-01,0.0
E0154,2025-02,1.1
E0154,2025-03,0.0
E0154,2025-04,5.2
E0154,2025-05,4.8
E0154,2025-06,4.2
E0154,2025-07,5.7
E0154,2025-08,5.5
E0154,2025-09,0.6
E0154,2025-10,5.2
E0154,2025-11,4.6
E0154,2025-12,0.9
E0154,2026-01,15.1
E0154,2026-02,17.6
E0154,2026-03,15.4
E0155,2025-01,8.8
E0155,2025-02,13.6
E0155,2025-03,4.9
E0155,2025-04,11.5
E0155,2025-05,9.8
E0155,2025-06,10.1
E0155,2025-07,9.1
E0155,2025-08,11.9
E0155,2025-09,3.9
E0155,2025-10,11.2
E0155,2025-11,6.0
E0155,2025-12,14.3
E0155,2026-01,14.7
E0155,2026-02,13.0
E0155,2026-03,11.3
E0156,2025-01,15.1
E0156,2025-02,10.7
E0156,2025-03,13.5
E0156,2025-04,20.0
E0156,2025-05,14.0
E0156,2025-06,15.0
E0156,2025-07,17.5
E0156,2025-08,22.4
E0156,2025-09,17.2
E0156,2025-10,19.4
E0156,2025-11,19.3
E0156,2025-12,14.5
E0156,2026-01,13.5
E0156,2026-02,15.2
E0156,2026-03,10.4
E0157,2025-01,9.3
E0157,2025-02,16.6
E0157,2025-03,0.7
E0157,2025-04,4.1
E0157,2025-05,2.5
E0157,2025-06,6.8
E0157,2025-07,1.8
E0157,2025-08,12.7
E0157,2025-09,13.3
E0157,2025-10,10.4
E0157,2025-11,11.4
E0157,2025-12,8.1
E0157,2026-01,14.2
E0157,2026-02,17.4
E0157,2026-03,20.4
E0158,2025-01,34.4
E0158,2025-02,28.9
E0158,2025-03,27.9
E0158,2025-04,32.7
E0158,2025-05,28.5
E0158,2025-06,38.6
E0158,2025-07,34.3
E0158,2025-08,27.8
E0158,2025-09,29.4
E0158,2025-10,29.5
E0158,2025-11,27.1
E0158,2025-12,33.6
E0158,2026-01,15.3
E0158,2026-02,19.0
E0158,2026-03,20.1
E0159,2025-01,10.3
E0159,2025-02,13.4
E0159,2025-03,10.7
E0159,2025-04,11.6
E0159,2025-05,16.8
E0159,2025-06,16.5
E0159,2025-07,12.4
E0159,2025-08,18.3
E0159,2025-09,16.1
E0159,2025-10,14.2
E0159,2025-11,17.4
E0159,2025-12,19.4
E0159,2026-01,15.2
E0159,2026-02,11.3
E0159,2026-03,13.5
E0160,2025-01,28.1
E0160,2025-02,27.4
E0160,2025-03,18.6
E0160,2025-04,27.4
E0160,2025-05,28.2
E0160,2025-06,27.6
E0160,2025-07,22.7
E0160,2025-08,23.6
E0160,2025-09,29.2
E0160,2025-10,24.8
E0160,2025-11,27.0
E0160,2025-12,17.9
E0161,2025-01,20.2
E0161,2025-02,23.4
E0161,2025-03,21.4
E0161,2025-04,19.7
E0161,2025-05,16.0
E0161,2025-06,13.0
E0161,2025-07,17.1
E0161,2025-08,24.4
E0161,2025-09,20.0
E0161,2025-10,23.0
E0161,2025-11,26.0
E0161,2025-12,20.7
E0161,2026-01,16.5
E0161,2026-02,11.5
E0161,2026-03,11.5
E0162,2025-01,11.4
E0162,2025-02,12.5
E0162,2025-03,2.4
E0162,2025-04,4.9
E0162,2025-05,1.3
E0162,2025-06,0.7
E0162,2025-07,6.0
E0162,2025-08,7.0
E0162,2025-09,0.5
E0162,2025-10,9.8
E0162,2025-11,6.0
E0162,2025-12,13.7
E0162,2026-01,15.7
E0162,2026-02,12.0
E0162,2026-03,14.4
E0163,2025-01,7.1
E0163,2025-02,7.1
E0163,2025-03,5.5
E0163,2025-04,5.9
E0163,2025-05,7.8
E0163,2025-06,10.0
E0163,2025-07,1.0
E0163,2025-08,3.0
E0163,2025-09,7.5
E0163,2025-10,6.2
E0163,2025-11,9.5
E0163,2025-12,3.7
E0163,2026-01,16.7
E0163,2026-02,17.5
E0163,2026-03,12.9
E0164,2025-01,12.2
E0164,2025-02,5.1
E0164,2025-03,5.9
E0164,2025-04,11.6
E0164,2025-05,9.5
E0164,2025-06,15.1
E0164,2025-07,11.0
E0164,2025-08,12.3
E0164,2025-09,6.0
E0164,2025-10,12.4
E0164,2025-11,7.5
E0164,2025-12,0.0
E0164,2026-01,18.4
E0164,2026-02,17.0
E0164,2026-03,12.8
E0165,2025-01,13.4
E0165,2025-02,13.7
E0165,2025-03,7.1
E0165,2025-04,12.9
E0165,2025-05,11.9
E0165,2025-06,16.3
E0165,2025-07,13.2
E0165,2025-08,11.5
E0165,2025-09,6.1
E0165,2025-10,3.6
E0165,2025-11,16.5
E0165,2025-12,13.0
E0165,2026-01,14.1
E0165,2026-02,12.4
E0165,2026-03,15.9
E0166,2025-01,6.1
E0166,2025-02,9.3
E0166,2025-03,6.1
E0166,2025-04,0.0
E0166,2025-05,11.1
E0166,2025-06,11.7
E0166,2025-07,5.8
E0166,2025-08,6.9
E0166,2025-09,4.6
E0166,2025-10,14.5
E0166,2025-11,11.9
E0166,2025-12,3.8
E0167,2025-01,60.8
E0167,2025-02,54.8
E0167,2025-03,55.1
E0167,2025-04,56.6
E0167,2025-05,55.9
E0167,2025-06,52.1
E0167,2025-07,63.7
E0167,2025-08,59.2
E0167,2025-09,64.6
E0167,2025-10,57.7
E0167,2025-11,52.5
E0167,2025-12,62.5
E0167,2026-01,15.4
E0167,2026-02,12.9
E0167,2026-03,15.5
E0168,2025-01,7.9
E0168,2025-02,5.8
E0168,2025-03,11.7
E0168,2025-04,1.5
E0168,2025-05,10.8
E0168,2025-06,9.8
E0168,2025-07,7.8
E0168,2025-08,1.0
E0168,2025-09,10.6
E0168,2025-10,9.9
E0168,2025-11,7.9
E0168,2025-12,6.7
E0168,2026-01,17.9
E0168,2026-02,21.6
E0168,2026-03,19.1
E0169,2025-01,0.0
E0169,2025-02,0.0
E0169,2025-03,0.0
E0169,2025-04,0.0
E0169,2025-05,0.0
E0169,2025-06,0.0
E0169,2025-07,0.0
E0169,2025-08,0.0
E0169,2025-09,0.9
E0169,2025-10,0.0
E0169,2025-11,4.0
E0169,2025-12,4.7
E0169,2026-01,16.2
E0169,2026-02,14.4
E0169,2026-03,16.9
E0170,2025-01,0.0
E0170,2025-02,8.6
E0170,2025-03,5.4
E0170,2025-04,3.6
E0170,2025-05,9.1
E0170,2025-06,3.6
E0170,2025-07,0.1
E0170,2025-08,0.0
E0170,2025-09,2.7
E0170,2025-10,2.7
E0170,2025-11,0.0
E0170,2025-12,1.8
E0170,2026-01,13.9
E0170,2026-02,15.6
E0170,2026-03,18.1
E0171,2025-01,8.6
E0171,2025-02,4.5
E0171,2025-03,0.0
E0171,2025-04,3.7
E0171,2025-05,5.3
E0171,2025-06,6.6
E0171,2025-07,4.8
E0171,2025-08,7.1
E0171,2025-09,5.5
E0171,2025-10,1.5
E0171,2025-11,3.8
E0171,2025-12,1.6
E0171,2026-01,13.6
E0171,2026-02,15.0
E0171,2026-03,17.9
E0172,2025-01,13.1
E0172,2025-02,14.4
E0172,2025-03,11.2
E0172,2025-04,12.7
E0172,2025-05,9.6
E0172,2025-06,10.3
E0172,2025-07,11.2
E0172,2025-08,9.2
E0172,2025-09,16.8
E0172,2025-10,13.9
E0172,2025-11,14.4
E0172,2025-12,13.7
E0172,2026-01,19.1
E0172,2026-02,17.8
E0172,2026-03,15.0
E0173,2025-01,6.8
E0173,2025-02,1.2
E0173,2025-03,10.6
E0173,2025-04,14.4
E0173,2025-05,8.7
E0173,2025-06,2.9
E0173,2025-07,8.5
E0173,2025-08,2.9
E0173,2025-09,4.2
E0173,2025-10,0.0
E0173,2025-11,11.6
E0173,2025-12,7.3
E0173,2026-01,15.5
E0173,2026-02,14.3
E0173,2026-03,13.5
E0174,2025-01,15.1
E0174,2025-02,16.0
E0174,2025-03,14.7
E0174,2025-04,16.7
E0174,2025-05,18.3
E0174,2025-06,12.7
E0174,2025-07,6.2
E0174,2025-08,9.4
E0174,2025-09,15.3
E0174,2025-10,8.7
E0174,2025-11,12.6
E0174,2025-12,22.8
E0174,2026-01,16.5
E0174,2026-02,16.9
E0174,2026-03,14.8
E0175,2025-01,7.5
E0175,2025-02,0.0
E0175,2025-03,12.7
E0175,2025-04,8.8
E0175,2025-05,6.0
E0175,2025-06,3.9
E0175,2025-07,0.0
E0175,2025-08,1.8
E0175,2025-09,0.0
E0175,2025-10,7.1
E0175,2025-11,4.1
E0175,2025-12,0.4
E0175,2026-01,16.9
E0175,2026-02,17.4
E0175,2026-03,16.6
E0176,2025-01,22.5
E0176,2025-02,19.8
E0176,2025-03,25.0
E0176,2025-04,16.7
E0176,2025-05,24.0
E0176,2025-06,19.4
E0176,2025-07,15.4
E0176,2025-08,20.8
E0176,2025-09,18.8
E0176,2025-10,20.3
E0176,2025-11,14.5
E0176,2025-12,9.2
E0176,2026-01,22.7
E0176,2026-02,13.5
E0176,2026-03,16.1
E0177,2025-01,20.9
E0177,2025-02,25.2
E0177,2025-03,25.1
E0177,2025-04,21.1
E0177,2025-05,23.8
E0177,2025-06,21.3
E0177,2025-07,22.3
E0177,2025-08,27.9
E0177,2025-09,17.5
E0177,2025-10,30.4
E0177,2025-11,23.6
E0177,2025-12,31.0
E0177,2026-01,15.8
E0177,2026-02,17.7
E0177,2026-03,17.9
E0178,2025-01,10.4
E0178,2025-02,0.0
E0178,2025-03,3.7
E0178,2025-04,0.0
E0178,2025-05,2.5
E0178,2025-06,4.8
E0178,2025-07,8.8
E0178,2025-08,0.0
E0178,2025-09,13.1
E0178,2025-10,0.7
E0178,2025-11,0.0
E0178,2025-12,7.4
E0178,2026-01,18.2
E0178,2026-02,19.1
E0178,2026-03,18.3
E0179,2025-01,14.3
E0179,2025-02,22.6
E0179,2025-03,9.8
E0179,2025-04,14.5
E0179,2025-05,18.8
E0179,2025-06,10.4
E0179,2025-07,18.9
E0179,2025-08,15.3
E0179,2025-09,9.7
E0179,2025-10,18.8
E0179,2025-11,13.0
E0179,2025-12,18.5
E0179,2026-01,16.5
E0179,2026-02,13.9
E0179,2026-03,12.8
E0180,2025-01,0.6
E0180,2025-02,0.0
E0180,2025-03,1.6
E0180,2025-04,2.9
E0180,2025-05,4.2
E0180,2025-06,5.5
E0180,2025-07,11.2
E0180,2025-08,3.0
E0180,2025-09,10.5
E0180,2025-10,7.5
E0180,2025-11,3.1
E0180,2025-12,4.6
E0180,2026-01,15.0
E0180,2026-02,12.1
E0180,2026-03,16.7
E0181,2025-01,60.4
E0181,2025-02,62.9
E0181,2025-03,63.5
E0181,2025-04,53.2
E0181,2025-05,62.7
E0181,2025-06,60.4
E0181,2025-07,60.4
E0181,2025-08,58.3
E0181,2025-09,61.6
E0181,2025-10,62.4
E0181,2025-11,59.3
E0181,2025-12,62.9
E0181,2026-01,13.9
E0181,2026-02,16.8
E0181,2026-03,20.5
E0182,2025-01,14.8
E0182,2025-02,17.4
E0182,2025-03,18.8
E0182,2025-04,16.1
E0182,2025-05,16.0
E0182,2025-06,13.6
E0182,2025-07,19.0
E0182,2025-08,25.1
E0182,2025-09,19.7
E0182,2025-10,16.6
E0182,2025-11,22.6
E0182,2025-12,17.2
E0183,2025-01,9.5
E0183,2025-02,8.7
E0183,2025-03,0.5
E0183,2025-04,6.9
E0183,2025-05,15.1
E0183,2025-06,4.3
E0183,2025-07,12.9
E0183,2025-08,10.5
E0183,2025-09,4.7
E0183,2025-10,6.9
E0183,2025-11,2.6
E0183,2025-12,10.3
E0183,2026-01,14.9
E0183,2026-02,13.8
E0183,2026-03,14.2
E0184,2025-01,15.7
E0184,2025-02,21.5
E0184,2025-03,27.2
E0184,2025-04,17.3
E0184,2025-05,21.3
E0184,2025-06,13.9
E0184,2025-07,20.1
E0184,2025-08,15.9
E0184,2025-09,20.9
E0184,2025-10,17.8
E0184,2025-11,16.0
E0184,2025-12,19.4
E0184,2026-01,13.3
E0184,2026-02,19.3
E0184,2026-03,20.3
E0185,2025-01,2.0
E0185,2025-02,8.4
E0185,2025-03,22.1
E0185,2025-04,11.7
E0185,2025-05,10.7
E0185,2025-06,14.1
E0185,2025-07,16.8
E0185,2025-08,19.2
E0185,2025-09,12.4
E0185,2025-10,11.8
E0185,2025-11,14.2
E0185,2025-12,12.9
E0185,2026-01,16.4
E0185,2026-02,17.7
E0185,2026-03,17.5
E0186,2025-01,13.0
E0186,2025-02,16.0
E0186,2025-03,16.0
E0186,2025-04,13.9
E0186,2025-05,23.3
E0186,2025-06,21.3
E0186,2025-07,15.9
E0186,2025-08,18.3
E0186,2025-09,10.9
E0186,2025-10,13.8
E0186,2025-11,16.6
E0186,2025-12,19.2
E0186,2026-01,10.8
E0186,2026-02,14.0
E0186,2026-03,11.9
E0187,2025-01,8.5
E0187,2025-02,10.0
E0187,2025-03,13.0
E0187,2025-04,18.7
E0187,2025-05,12.9
E0187,2025-06,17.2
E0187,2025-07,12.0
E0187,2025-08,15.6
E0187,2025-09,8.3
E0187,2025-10,9.6
E0187,2025-11,11.6
E0187,2025-12,7.8
E0188,2025-01,0.0
E0188,2025-02,2.7
E0188,2025-03,0.0
E0188,2025-04,3.8
E0188,2025-05,5.4
E0188,2025-06,0.9
E0188,2025-07,2.8
E0188,2025-08,2.7
E0188,2025-09,10.4
E0188,2025-10,4.7
E0188,2025-11,13.1
E0188,2025-12,2.4
E0188,2026-01,12.9
E0188,2026-02,14.7
E0188,2026-03,12.5
E0189,2025-01,8.1
E0189,2025-02,14.3
E0189,2025-03,0.0
E0189,2025-04,12.9
E0189,2025-05,9.4
E0189,2025-06,10.2
E0189,2025-07,8.4
E0189,2025-08,12.1
E0189,2025-09,2.4
E0189,2025-10,6.8
E0189,2025-11,17.6
E0189,2025-12,10.0
E0189,2026-01,12.8
E0189,2026-02,14.2
E0189,2026-03,17.8
E0190,2025-01,7.3
E0190,2025-02,12.3
E0190,2025-03,15.0
E0190,2025-04,12.4
E0190,2025-05,11.6
E0190,2025-06,9.7
E0190,2025-07,7.0
E0190,2025-08,4.6
E0190,2025-09,8.7
E0190,2025-10,17.3
E0190,2025-11,10.4
E0190,2025-12,11.4
E0191,2025-01,0.0
E0191,2025-02,5.1
E0191,2025-03,3.5
E0191,2025-04,3.8
E0191,2025-05,2.7
E0191,2025-06,2.8
E0191,2025-07,4.1
E0191,2025-08,5.0
E0191,2025-09,0.0
E0191,2025-10,0.0
E0191,2025-11,3.0
E0191,2025-12,8.8
E0191,2026-01,19.2
E0191,2026-02,17.9
E0191,2026-03,10.8
E0192,2025-01,29.0
E0192,2025-02,36.9
E0192,2025-03,41.3
E0192,2025-04,33.6
E0192,2025-05,32.8
E0192,2025-06,36.8
E0192,2025-07,35.1
E0192,2025-08,32.1
E0192,2025-09,35.7
E0192,2025-10,31.9
E0192,2025-11,40.1
E0192,2025-12,33.8
E0192,2026-01,15.1
E0192,2026-02,15.2
E0192,2026-03,15.2
E0193,2025-01,12.7
E0193,2025-02,17.7
E0193,2025-03,10.3
E0193,2025-04,8.0
E0193,2025-05,8.7
E0193,2025-06,11.0
E0193,2025-07,10.5
E0193,2025-08,10.3
E0193,2025-09,12.4
E0193,2025-10,11.5
E0193,2025-11,9.2
E0193,2025-12,11.1
E0193,2026-01,13.1
E0193,2026-02,14.2
E0193,2026-03,12.0
E0194,2025-01,18.1
E0194,2025-02,19.0
E0194,2025-03,11.6
E0194,2025-04,17.6
E0194,2025-05,24.2
E0194,2025-06,23.4
E0194,2025-07,23.8
E0194,2025-08,22.6
E0194,2025-09,19.0
E0194,2025-10,15.8
E0194,2025-11,19.6
E0194,2025-12,8.5
E0194,2026-01,16.2
E0194,2026-02,20.0
E0194,2026-03,17.0
E0195,2025-01,12.4
E0195,2025-02,8.7
E0195,2025-03,11.3
E0195,2025-04,5.8
E0195,2025-05,1.4
E0195,2025-06,8.6
E0195,2025-07,8.6
E0195,2025-08,7.3
E0195,2025-09,9.0
E0195,2025-10,6.0
E0195,2025-11,8.7
E0195,2025-12,9.7
E0195,2026-01,18.1
E0195,2026-02,12.4
E0195,2026-03,15.6
E0196,2025-01,26.1
E0196,2025-02,22.5
E0196,2025-03,14.5
E0196,2025-04,17.9
E0196,2025-05,16.0
E0196,2025-06,24.9
E0196,2025-07,17.5
E0196,2025-08,18.4
E0196,2025-09,19.0
E0196,2025-10,21.1
E0196,2025-11,14.7
E0196,2025-12,19.4
E0196,2026-01,19.6
E0196,2026-02,18.2
E0196,2026-03,16.2
E0197,2025-01,19.3
E0197,2025-02,14.2
E0197,2025-03,22.8
E0197,2025-04,12.0
E0197,2025-05,13.5
E0197,2025-06,18.6
E0197,2025-07,15.6
E0197,2025-08,14.6
E0197,2025-09,11.0
E0197,2025-10,13.2
E0197,2025-11,22.8
E0197,2025-12,16.8
E0197,2026-01,19.0
E0197,2026-02,17.2
E0197,2026-03,20.1
E0198,2025-01,15.9
E0198,2025-02,11.1
E0198,2025-03,14.3
E0198,2025-04,12.4
E0198,2025-05,8.6
E0198,2025-06,10.6
E0198,2025-07,11.5
E0198,2025-08,21.9
E0198,2025-09,21.0
E0198,2025-10,6.8
E0198,2025-11,10.2
E0198,2025-12,12.8
E0198,2026-01,13.9
E0198,2026-02,14.8
E0198,2026-03,15.7
E0199,2025-01,49.1
E0199,2025-02,48.5
E0199,2025-03,56.4
E0199,2025-04,47.1
E0199,2025-05,56.3
E0199,2025-06,52.9
E0199,2025-07,48.8
E0199,2025-08,46.4
E0199,2025-09,46.4
E0199,2025-10,56.8
E0199,2025-11,51.9
E0199,2025-12,50.2
E0199,2026-01,21.2
E0199,2026-02,19.8
E0199,2026-03,17.9
E0200,2025-01,22.8
E0200,2025-02,29.6
E0200,2025-03,30.1
E0200,2025-04,32.4
E0200,2025-05,31.0
E0200,2025-06,30.0
E0200,2025-07,32.8
E0200,2025-08,35.2
E0200,2025-09,29.2
E0200,2025-10,27.6
E0200,2025-11,29.3
E0200,2025-12,27.7
E0201,2025-01,3.8
E0201,2025-02,12.9
E0201,2025-03,3.5
E0201,2025-04,0.5
E0201,2025-05,3.1
E0201,2025-06,11.1
E0201,2025-07,3.8
E0201,2025-08,1.6
E0201,2025-09,0.0
E0201,2025-10,3.5
E0201,2025-11,0.0
E0201,2025-12,5.7
E0201,2026-01,14.8
E0201,2026-02,10.9
E0201,2026-03,14.6
E0202,2025-01,5.9
E0202,2025-02,0.0
E0202,2025-03,14.2
E0202,2025-04,16.1
E0202,2025-05,8.6
E0202,2025-06,13.7
E0202,2025-07,8.5
E0202,2025-08,0.0
E0202,2025-09,6.5
E0202,2025-10,5.0
E0202,2025-11,1.6
E0202,2025-12,7.6
E0202,2026-01,17.3
E0202,2026-02,18.6
E0202,2026-03,21.5
E0203,2025-01,2.3
E0203,2025-02,6.0
E0203,2025-03,8.2
E0203,2025-04,12.0
E0203,2025-05,5.1
E0203,2025-06,0.8
E0203,2025-07,3.1
E0203,2025-08,3.6
E0203,2025-09,14.4
E0203,2025-10,4.8
E0203,2025-11,7.3
E0203,2025-12,9.6
E0203,2026-01,13.0
E0203,2026-02,14.9
E0203,2026-03,12.1
E0204,2025-01,30.2
E0204,2025-02,25.5
E0204,2025-03,23.3
E0204,2025-04,22.7
E0204,2025-05,19.5
E0204,2025-06,28.2
E0204,2025-07,35.6
E0204,2025-08,30.1
E0204,2025-09,24.8
E0204,2025-10,19.5
E0204,2025-11,22.4
E0204,2025-12,26.3
E0204,2026-01,14.3
E0204,2026-02,13.9
E0204,2026-03,11.3
E0205,2025-01,8.9
E0205,2025-02,9.8
E0205,2025-03,11.8
E0205,2025-04,11.1
E0205,2025-05,19.6
E0205,2025-06,19.4
E0205,2025-07,9.0
E0205,2025-08,14.4
E0205,2025-09,4.7
E0205,2025-10,14.0
E0205,2025-11,12.2
E0205,2025-12,6.7
E0205,2026-01,14.5
E0205,2026-02,16.2
E0205,2026-03,16.6
E0206,2025-01,37.3
E0206,2025-02,28.5
E0206,2025-03,32.1
E0206,2025-04,33.2
E0206,2025-05,25.9
E0206,2025-06,33.3
E0206,2025-07,29.0
E0206,2025-08,31.0
E0206,2025-09,32.3
E0206,2025-10,25.9
E0206,2025-11,30.6
E0206,2025-12,31.9
E0206,2026-01,15.6
E0206,2026-02,13.5
E0206,2026-03,11.9
E0207,2025-01,4.2
E0207,2025-02,1.8
E0207,2025-03,0.2
E0207,2025-04,1.6
E0207,2025-05,0.0
E0207,2025-06,2.3
E0207,2025-07,10.6
E0207,2025-08,0.0
E0207,2025-09,9.3
E0207,2025-10,0.3
E0207,2025-11,7.7
E0207,2025-12,16.2
E0207,2026-01,18.6
E0207,2026-02,16.2
E0207,2026-03,14.7
E0208,2025-01,25.5
E0208,2025-02,22.3
E0208,2025-03,22.4
E0208,2025-04,26.6
E0208,2025-05,24.7
E0208,2025-06,24.2
E0208,2025-07,21.2
E0208,2025-08,24.4
E0208,2025-09,15.9
E0208,2025-10,20.7
E0208,2025-11,30.2
E0208,2025-12,26.6
E0208,2026-01,13.3
E0208,2026-02,17.2
E0208,2026-03,13.7
E0209,2025-01,27.6
E0209,2025-02,23.8
E0209,2025-03,36.2
E0209,2025-04,25.6
E0209,2025-05,24.3
E0209,2025-06,28.8
E0209,2025-07,26.0
E0209,2025-08,20.1
E0209,2025-09,22.4
E0209,2025-10,27.3
E0209,2025-11,23.6
E0209,2025-12,21.9
E0209,2026-01,19.2
E0209,2026-02,16.0
E0209,2026-03,14.9
E0210,2025-01,6.3
E0210,2025-02,11.4
E0210,2025-03,11.6
E0210,2025-04,15.5
E0210,2025-05,7.3
E0210,2025-06,11.4
E0210,2025-07,9.4
E0210,2025-08,14.3
E0210,2025-09,12.2
E0210,2025-10,13.5
E0210,2025-11,17.0
E0210,2025-12,12.9
E0211,2025-01,10.6
E0211,2025-02,1.0
E0211,2025-03,0.4
E0211,2025-04,11.5
E0211,2025-05,7.3
E0211,2025-06,8.6
E0211,2025-07,10.9
E0211,2025-08,3.2
E0211,2025-09,3.7
E0211,2025-10,9.5
E0211,2025-11,4.8
E0211,2025-12,4.0
E0212,2025-01,0.0
E0212,2025-02,6.3
E0212,2025-03,0.5
E0212,2025-04,6.2
E0212,2025-05,4.7
E0212,2025-06,8.3
E0212,2025-07,0.0
E0212,2025-08,0.0
E0212,2025-09,9.7
E0212,2025-10,6.8
E0212,2025-11,0.0
E0212,2025-12,0.0
E0212,2026-01,15.4
E0212,2026-02,17.3
E0212,2026-03,16.1
E0213,2025-01,14.4
E0213,2025-02,13.4
E0213,2025-03,11.5
E0213,2025-04,10.8
E0213,2025-05,12.3
E0213,2025-06,16.1
E0213,2025-07,14.2
E0213,2025-08,12.2
E0213,2025-09,11.5
E0213,2025-10,22.7
E0213,2025-11,11.9
E0213,2025-12,16.3
E0213,2026-01,14.6
E0213,2026-02,11.7
E0213,2026-03,16.0
E0214,2025-01,24.1
E0214,2025-02,17.0
E0214,2025-03,16.2
E0214,2025-04,19.2
E0214,2025-05,19.8
E0214,2025-06,14.2
E0214,2025-07,9.0
E0214,2025-08,13.7
E0214,2025-09,16.6
E0214,2025-10,12.9
E0214,2025-11,13.4
E0214,2025-12,20.8
E0214,2026-01,14.3
E0214,2026-02,13.1
E0214,2026-03,10.7
E0215,2025-01,4.5
E0215,2025-02,3.7
E0215,2025-03,0.0
E0215,2025-04,0.4
E0215,2025-05,2.9
E0215,2025-06,4.0
E0215,2025-07,7.7
E0215,2025-08,4.1
E0215,2025-09,0.0
E0215,2025-10,8.9
E0215,2025-11,0.3
E0215,2025-12,5.0
E0215,2026-01,12.4
E0215,2026-02,16.0
E0215,2026-03,13.0
E0216,2025-01,13.2
E0216,2025-02,12.4
E0216,2025-03,10.1
E0216,2025-04,10.3
E0216,2025-05,13.6
E0216,2025-06,20.7
E0216,2025-07,16.5
E0216,2025-08,8.4
E0216,2025-09,18.8
E0216,2025-10,15.5
E0216,2025-11,21.5
E0216,2025-12,13.5
E0216,2026-01,16.9
E0216,2026-02,19.2
E0216,2026-03,12.6
E0217,2025-01,0.6
E0217,2025-02,11.1
E0217,2025-03,8.2
E0217,2025-04,0.0
E0217,2025-05,5.7
E0217,2025-06,0.0
E0217,2025-07,8.0
E0217,2025-08,0.0
E0217,2025-09,0.0
E0217,2025-10,9.8
E0217,2025-11,5.9
E0217,2025-12,7.2
E0217,2026-01,15.9
E0217,2026-02,16.9
E0217,2026-03,20.7
E0218,2025-01,19.5
E0218,2025-02,21.1
E0218,2025-03,27.7
E0218,2025-04,22.7
E0218,2025-05,30.8
E0218,2025-06,20.7
E0218,2025-07,25.3
E0218,2025-08,25.9
E0218,2025-09,22.2
E0218,2025-10,26.9
E0218,2025-11,19.3
E0218,2025-12,24.9
E0218,2026-01,8.1
E0218,2026-02,14.3
E0218,2026-03,11.7
E0219,2025-01,10.8
E0219,2025-02,9.9
E0219,2025-03,15.1
E0219,2025-04,14.4
E0219,2025-05,10.5
E0219,2025-06,18.0
E0219,2025-07,21.2
E0219,2025-08,13.6
E0219,2025-09,19.1
E0219,2025-10,12.4
E0219,2025-11,14.1
E0219,2025-12,14.7
E0219,2026-01,15.4
E0219,2026-02,14.6
E0219,2026-03,17.9
E0220,2025-01,12.0
E0220,2025-02,8.4
E0220,2025-03,0.7
E0220,2025-04,13.5
E0220,2025-05,9.2
E0220,2025-06,0.0
E0220,2025-07,14.4
E0220,2025-08,14.6
E0220,2025-09,4.4
E0220,2025-10,3.0
E0220,2025-11,13.3
E0220,2025-12,13.3
E0220,2026-01,10.3
E0220,2026-02,13.2
E0220,2026-03,15.5
E0221,2025-01,9.4
E0221,2025-02,5.7
E0221,2025-03,4.3
E0221,2025-04,9.9
E0221,2025-05,4.9
E0221,2025-06,4.9
E0221,2025-07,10.6
E0221,2025-08,11.4
E0221,2025-09,13.5
E0221,2025-10,0.2
E0221,2025-11,5.5
E0221,2025-12,6.1
E0221,2026-01,16.2
E0221,2026-02,17.9
E0221,2026-03,12.0
E0222,2025-01,2.3
E0222,2025-02,0.0
E0222,2025-03,4.6
E0222,2025-04,9.9
E0222,2025-05,0.0
E0222,2025-06,3.1
E0222,2025-07,7.4
E0222,2025-08,1.4
E0222,2025-09,0.0
E0222,2025-10,3.1
E0222,2025-11,5.3
E0222,2025-12,0.0
E0222,2026-01,11.5
E0222,2026-02,13.8
E0222,2026-03,17.0
E0223,2025-01,8.0
E0223,2025-02,3.0
E0223,2025-03,1.2
E0223,2025-04,0.0
E0223,2025-05,1.2
E0223,2025-06,1.4
E0223,2025-07,0.0
E0223,2025-08,5.7
E0223,2025-09,4.4
E0223,2025-10,7.8
E0223,2025-11,6.7
E0223,2025-12,1.3
E0223,2026-01,18.8
E0223,2026-02,16.4
E0223,2026-03,15.1
E0224,2025-01,0.0
E0224,2025-02,0.0
E0224,2025-03,0.0
E0224,2025-04,2.8
E0224,2025-05,1.9
E0224,2025-06,0.0
E0224,2025-07,4.5
E0224,2025-08,0.0
E0224,2025-09,6.2
E0224,2025-10,0.7
E0224,2025-11,0.0
E0224,2025-12,7.4
E0224,2026-01,15.0
E0224,2026-02,17.1
E0224,2026-03,11.2
E0225,2025-01,18.5
E0225,2025-02,13.3
E0225,2025-03,15.5
E0225,2025-04,13.8
E0225,2025-05,21.0
E0225,2025-06,8.7
E0225,2025-07,18.2
E0225,2025-08,10.2
E0225,2025-09,9.5
E0225,2025-10,18.7
E0225,2025-11,12.2
E0225,2025-12,19.9
E0225,2026-01,19.2
E0225,2026-02,13.3
E0225,2026-03,16.6
E0226,2025-01,11.6
E0226,2025-02,6.0
E0226,2025-03,9.7
E0226,2025-04,13.7
E0226,2025-05,4.0
E0226,2025-06,11.2
E0226,2025-07,4.7
E0226,2025-08,7.8
E0226,2025-09,5.3
E0226,2025-10,5.4
E0226,2025-11,6.4
E0226,2025-12,5.4
E0226,2026-01,13.0
E0226,2026-02,10.0
E0226,2026-03,13.8
E0227,2025-01,1.3
E0227,2025-02,6.5
E0227,2025-03,0.0
E0227,2025-04,3.5
E0227,2025-05,0.0
E0227,2025-06,0.0
E0227,2025-07,0.0
E0227,2025-08,6.1
E0227,2025-09,0.9
E0227,2025-10,0.0
E0227,2025-11,2.3
E0227,2025-12,0.4
E0227,2026-01,18.7
E0227,2026-02,14.5
E0227,2026-03,11.9
E0228,2025-01,15.3
E0228,2025-02,6.8
E0228,2025-03,10.4
E0228,2025-04,14.3
E0228,2025-05,6.7
E0228,2025-06,9.1
E0228,2025-07,5.8
E0228,2025-08,7.4
E0228,2025-09,4.7
E0228,2025-10,6.7
E0228,2025-11,5.7
E0228,2025-12,8.2
E0228,2026-01,14.0
E0228,2026-02,13.6
E0228,2026-03,14.2
E0229,2025-01,7.8
E0229,2025-02,5.0
E0229,2025-03,9.1
E0229,2025-04,2.3
E0229,2025-05,0.3
E0229,2025-06,3.4
E0229,2025-07,1.5
E0229,2025-08,5.5
E0229,2025-09,0.0
E0229,2025-10,3.6
E0229,2025-11,9.9
E0229,2025-12,0.2
E0229,2026-01,15.8
E0229,2026-02,16.7
E0229,2026-03,13.6
E0230,2025-01,30.3
E0230,2025-02,25.2
E0230,2025-03,36.5
E0230,2025-04,31.7
E0230,2025-05,30.0
E0230,2025-06,32.3
E0230,2025-07,31.8
E0230,2025-08,29.3
E0230,2025-09,26.5
E0230,2025-10,32.7
E0230,2025-11,32.2
E0230,2025-12,30.5
E0230,2026-01,17.8
E0230,2026-02,14.4
E0230,2026-03,18.2
E0231,2025-01,5.0
E0231,2025-02,10.6
E0231,2025-03,7.4
E0231,2025-04,0.9
E0231,2025-05,11.4
E0231,2025-06,9.0
E0231,2025-07,8.7
E0231,2025-08,3.1
E0231,2025-09,9.7
E0231,2025-10,7.0
E0231,2025-11,1.6
E0231,2025-12,7.4
E0231,2026-01,19.4
E0231,2026-02,13.4
E0231,2026-03,17.8
E0232,2025-01,14.9
E0232,2025-02,13.4
E0232,2025-03,3.9
E0232,2025-04,12.7
E0232,2025-05,9.7
E0232,2025-06,3.6
E0232,2025-07,13.7
E0232,2025-08,13.9
E0232,2025-09,11.0
E0232,2025-10,7.1
E0232,2025-11,16.7
E0232,2025-12,13.3
E0232,2026-01,10.7
E0232,2026-02,10.8
E0232,2026-03,10.9
E0233,2025-01,10.2
E0233,2025-02,11.5
E0233,2025-03,12.6
E0233,2025-04,9.1
E0233,2025-05,3.2
E0233,2025-06,5.0
E0233,2025-07,5.7
E0233,2025-08,12.6
E0233,2025-09,8.6
E0233,2025-10,5.0
E0233,2025-11,7.0
E0233,2025-12,13.1
E0233,2026-01,16.8
E0233,2026-02,13.4
E0233,2026-03,15.3
E0234,2025-01,13.7
E0234,2025-02,15.4
E0234,2025-03,6.8
E0234,2025-04,10.4
E0234,2025-05,8.7
E0234,2025-06,17.3
E0234,2025-07,10.7
E0234,2025-08,9.0
E0234,2025-09,3.2
E0234,2025-10,16.9
E0234,2025-11,17.1
E0234,2025-12,3.0
E0234,2026-01,17.3
E0234,2026-02,18.5
E0234,2026-03,17.5
E0235,2025-01,13.2
E0235,2025-02,16.1
E0235,2025-03,14.2
E0235,2025-04,10.6
E0235,2025-05,8.5
E0235,2025-06,17.0
E0235,2025-07,15.4
E0235,2025-08,14.9
E0235,2025-09,17.0
E0235,2025-10,21.1
E0235,2025-11,11.0
E0235,2025-12,11.0
E0235,2026-01,13.7
E0235,2026-02,15.3
E0235,2026-03,11.7
E0236,2025-01,39.0
E0236,2025-02,37.0
E0236,2025-03,45.4
E0236,2025-04,46.0
E0236,2025-05,44.9
E0236,2025-06,47.3
E0236,2025-07,41.1
E0236,2025-08,42.2
E0236,2025-09,43.3
E0236,2025-10,39.0
E0236,2025-11,36.4
E0236,2025-12,41.2
E0236,2026-01,15.6
E0236,2026-02,17.5
E0236,2026-03,18.3
E0237,2025-01,10.9
E0237,2025-02,21.5
E0237,2025-03,6.8
E0237,2025-04,12.6
E0237,2025-05,14.0
E0237,2025-06,9.5
E0237,2025-07,11.0
E0237,2025-08,13.0
E0237,2025-09,8.2
E0237,2025-10,14.4
E0237,2025-11,19.1
E0237,2025-12,11.3
E0237,2026-01,18.8
E0237,2026-02,16.3
E0237,2026-03,14.3
E0238,2025-01,56.1
E0238,2025-02,59.8
E0238,2025-03,57.0
E0238,2025-04,50.1
E0238,2025-05,46.8
E0238,2025-06,51.7
E0238,2025-07,53.2
E0238,2025-08,44.7
E0238,2025-09,53.1
E0238,2025-10,49.7
E0238,2025-11,52.5
E0238,2025-12,51.7
E0239,2025-01,12.7
E0239,2025-02,16.5
E0239,2025-03,9.5
E0239,2025-04,6.2
E0239,2025-05,16.8
E0239,2025-06,16.1
E0239,2025-07,15.7
E0239,2025-08,10.0
E0239,2025-09,16.0
E0239,2025-10,8.4
E0239,2025-11,12.3
E0239,2025-12,19.6
E0240,2025-01,9.9
E0240,2025-02,7.2
E0240,2025-03,6.9
E0240,2025-04,3.1
E0240,2025-05,14.0
E0240,2025-06,11.5
E0240,2025-07,10.7
E0240,2025-08,7.1
E0240,2025-09,6.0
E0240,2025-10,4.5
E0240,2025-11,13.2
E0240,2025-12,0.2
E0240,2026-01,14.1
E0240,2026-02,15.5
E0240,2026-03,12.8
E0241,2025-01,28.0
E0241,2025-02,19.4
E0241,2025-03,24.9
E0241,2025-04,25.6
E0241,2025-05,20.6
E0241,2025-06,22.3
E0241,2025-07,28.6
E0241,2025-08,31.6
E0241,2025-09,26.9
E0241,2025-10,22.9
E0241,2025-11,21.8
E0241,2025-12,22.7
E0241,2026-01,21.6
E0241,2026-02,18.3
E0241,2026-03,19.6
E0242,2025-01,24.3
E0242,2025-02,25.4
E0242,2025-03,29.3
E0242,2025-04,24.1
E0242,2025-05,21.7
E0242,2025-06,19.8
E0242,2025-07,23.5
E0242,2025-08,17.8
E0242,2025-09,21.9
E0242,2025-10,19.3
E0242,2025-11,23.3
E0242,2025-12,26.2
E0242,2026-01,8.4
E0242,2026-02,10.0
E0242,2026-03,13.2
E0243,2025-01,3.6
E0243,2025-02,4.8
E0243,2025-03,0.0
E0243,2025-04,7.7
E0243,2025-05,4.7
E0243,2025-06,4.5
E0243,2025-07,6.5
E0243,2025-08,2.7
E0243,2025-09,1.6
E0243,2025-10,7.4
E0243,2025-11,0.0
E0243,2025-12,1.2
E0243,2026-01,18.4
E0243,2026-02,13.2
E0243,2026-03,13.4
E0244,2025-01,15.7
E0244,2025-02,10.2
E0244,2025-03,8.7
E0244,2025-04,7.3
E0244,2025-05,12.0
E0244,2025-06,9.4
E0244,2025-07,13.0
E0244,2025-08,17.6
E0244,2025-09,15.4
E0244,2025-10,1.8
E0244,2025-11,13.9
E0244,2025-12,14.2
E0244,2026-01,14.3
E0244,2026-02,11.2
E0244,2026-03,14.4
E0245,2025-01,14.8
E0245,2025-02,20.9
E0245,2025-03,17.1
E0245,2025-04,8.2
E0245,2025-05,16.5
E0245,2025-06,14.9
E0245,2025-07,13.5
E0245,2025-08,17.4
E0245,2025-09,18.6
E0245,2025-10,18.6
E0245,2025-11,18.8
E0245,2025-12,11.3
E0245,2026-01,13.0
E0245,2026-02,16.7
E0245,2026-03,14.4
E0246,2025-01,19.4
E0246,2025-02,24.7
E0246,2025-03,27.9
E0246,2025-04,25.0
E0246,2025-05,15.2
E0246,2025-06,25.8
E0246,2025-07,17.4
E0246,2025-08,26.4
E0246,2025-09,21.4
E0246,2025-10,24.8
E0246,2025-11,32.0
E0246,2025-12,22.2
E0246,2026-01,12.5
E0246,2026-02,12.7
E0246,2026-03,11.7
E0247,2025-01,31.9
E0247,2025-02,33.2
E0247,2025-03,28.9
E0247,2025-04,30.9
E0247,2025-05,39.2
E0247,2025-06,27.1
E0247,2025-07,32.4
E0247,2025-08,35.9
E0247,2025-09,33.3
E0247,2025-10,40.3
E0247,2025-11,34.3
E0247,2025-12,33.6
E0247,2026-01,19.1
E0247,2026-02,16.3
E0247,2026-03,13.2
E0248,2025-01,36.1
E0248,2025-02,36.6
E0248,2025-03,35.6
E0248,2025-04,35.3
E0248,2025-05,27.7
E0248,2025-06,31.0
E0248,2025-07,37.9
E0248,2025-08,39.6
E0248,2025-09,40.7
E0248,2025-10,29.8
E0248,2025-11,32.2
E0248,2025-12,41.5
E0248,2026-01,14.4
E0248,2026-02,15.1
E0248,2026-03,16.4
E0249,2025-01,6.9
E0249,2025-02,10.9
E0249,2025-03,21.9
E0249,2025-04,12.6
E0249,2025-05,7.5
E0249,2025-06,7.8
E0249,2025-07,10.5
E0249,2025-08,0.7
E0249,2025-09,10.2
E0249,2025-10,7.3
E0249,2025-11,8.1
E0249,2025-12,8.8
E0249,2026-01,20.4
E0249,2026-02,21.2
E0249,2026-03,13.8
E0250,2025-01,12.0
E0250,2025-02,6.8
E0250,2025-03,6.7
E0250,2025-04,8.6
E0250,2025-05,6.0
E0250,2025-06,8.4
E0250,2025-07,5.3
E0250,2025-08,10.4
E0250,2025-09,10.9
E0250,2025-10,8.4
E0250,2025-11,0.0
E0250,2025-12,6.4
E0250,2026-01,11.9
E0250,2026-02,12.8
E0250,2026-03,13.2
E0251,2025-01,0.0
E0251,2025-02,7.9
E0251,2025-03,12.8
E0251,2025-04,10.9
E0251,2025-05,5.3
E0251,2025-06,5.7
E0251,2025-07,0.0
E0251,2025-08,6.4
E0251,2025-09,5.6
E0251,2025-10,1.4
E0251,2025-11,2.5
E0251,2025-12,1.6
E0252,2025-01,53.2
E0252,2025-02,45.1
E0252,2025-03,47.6
E0252,2025-04,48.3
E0252,2025-05,51.1
E0252,2025-06,50.9
E0252,2025-07,48.4
E0252,2025-08,38.5
E0252,2025-09,48.4
E0252,2025-10,43.0
E0252,2025-11,39.6
E0252,2025-12,43.1
E0252,2026-01,17.6
E0252,2026-02,21.8
E0252,2026-03,14.2
E0253,2025-01,5.4
E0253,2025-02,0.0
E0253,2025-03,6.3
E0253,2025-04,9.3
E0253,2025-05,5.1
E0253,2025-06,0.4
E0253,2025-07,7.2
E0253,2025-08,4.6
E0253,2025-09,11.7
E0253,2025-10,0.0
E0253,2025-11,0.0
E0253,2025-12,4.3
E0253,2026-01,15.8
E0253,2026-02,17.2
E0253,2026-03,12.3
E0254,2025-01,16.5
E0254,2025-02,19.4
E0254,2025-03,20.0
E0254,2025-04,24.4
E0254,2025-05,17.3
E0254,2025-06,20.1
E0254,2025-07,13.0
E0254,2025-08,28.2
E0254,2025-09,22.7
E0254,2025-10,21.8
E0254,2025-11,15.1
E0254,2025-12,23.7
E0254,2026-01,15.6
E0254,2026-02,13.2
E0254,2026-03,8.4
E0255,2025-01,11.9
E0255,2025-02,10.4
E0255,2025-03,7.4
E0255,2025-04,3.6
E0255,2025-05,7.6
E0255,2025-06,4.7
E0255,2025-07,9.4
E0255,2025-08,3.4
E0255,2025-09,5.0
E0255,2025-10,0.0
E0255,2025-11,10.0
E0255,2025-12,9.6
E0256,2025-01,7.4
E0256,2025-02,0.0
E0256,2025-03,2.6
E0256,2025-04,9.8
E0256,2025-05,13.4
E0256,2025-06,5.4
E0256,2025-07,14.2
E0256,2025-08,16.1
E0256,2025-09,11.2
E0256,2025-10,13.6
E0256,2025-11,4.9
E0256,2025-12,2.3
E0256,2026-01,19.2
E0256,2026-02,17.6
E0256,2026-03,12.2
E0257,2025-01,20.3
E0257,2025-02,8.9
E0257,2025-03,17.5
E0257,2025-04,14.6
E0257,2025-05,19.9
E0257,2025-06,16.0
E0257,2025-07,8.2
E0257,2025-08,11.5
E0257,2025-09,15.7
E0257,2025-10,10.7
E0257,2025-11,17.1
E0257,2025-12,13.3
E0257,2026-01,14.7
E0257,2026-02,17.0
E0257,2026-03,15.6
E0258,2025-01,7.3
E0258,2025-02,7.6
E0258,2025-03,4.3
E0258,2025-04,2.5
E0258,2025-05,0.9
E0258,2025-06,0.0
E0258,2025-07,10.0
E0258,2025-08,3.4
E0258,2025-09,2.1
E0258,2025-10,2.1
E0258,2025-11,2.9
E0258,2025-12,1.1
E0258,2026-01,12.7
E0258,2026-02,9.4
E0258,2026-03,13.7
E0259,2025-01,15.4
E0259,2025-02,12.2
E0259,2025-03,17.8
E0259,2025-04,22.9
E0259,2025-05,14.8
E0259,2025-06,19.9
E0259,2025-07,20.0
E0259,2025-08,19.3
E0259,2025-09,25.1
E0259,2025-10,20.1
E0259,2025-11,17.9
E0259,2025-12,19.0
E0259,2026-01,13.4
E0259,2026-02,15.2
E0259,2026-03,15.9
E0260,2025-01,19.3
E0260,2025-02,22.9
E0260,2025-03,14.9
E0260,2025-04,16.6
E0260,2025-05,28.1
E0260,2025-06,15.7
E0260,2025-07,15.5
E0260,2025-08,12.5
E0260,2025-09,16.2
E0260,2025-10,15.6
E0260,2025-11,17.5
E0260,2025-12,17.0
E0260,2026-01,15.2
E0260,2026-02,15.0
E0260,2026-03,13.3
E0261,2025-01,2.1
E0261,2025-02,4.8
E0261,2025-03,9.4
E0261,2025-04,8.3
E0261,2025-05,5.9
E0261,2025-06,2.7
E0261,2025-07,16.5
E0261,2025-08,16.4
E0261,2025-09,13.0
E0261,2025-10,7.7
E0261,2025-11,15.9
E0261,2025-12,7.1
E0261,2026-01,13.6
E0261,2026-02,17.7
E0261,2026-03,12.6
E0262,2025-01,10.7
E0262,2025-02,5.8
E0262,2025-03,9.1
E0262,2025-04,10.9
E0262,2025-05,3.0
E0262,2025-06,7.3
E0262,2025-07,10.0
E0262,2025-08,4.0
E0262,2025-09,5.2
E0262,2025-10,10.0
E0262,2025-11,6.8
E0262,2025-12,4.1
E0262,2026-01,11.3
E0262,2026-02,15.1
E0262,2026-03,17.5
E0263,2025-01,23.3
E0263,2025-02,24.9
E0263,2025-03,32.2
E0263,2025-04,23.5
E0263,2025-05,23.2
E0263,2025-06,22.1
E0263,2025-07,27.8
E0263,2025-08,24.5
E0263,2025-09,26.5
E0263,2025-10,24.1
E0263,2025-11,26.9
E0263,2025-12,24.7
E0263,2026-01,20.7
E0263,2026-02,17.6
E0263,2026-03,14.5
E0264,2025-01,19.8
E0264,2025-02,24.3
E0264,2025-03,24.4
E0264,2025-04,27.2
E0264,2025-05,26.1
E0264,2025-06,30.8
E0264,2025-07,27.1
E0264,2025-08,27.3
E0264,2025-09,21.4
E0264,2025-10,26.1
E0264,2025-11,24.6
E0264,2025-12,17.2
E0264,2026-01,18.6
E0264,2026-02,19.5
E0264,2026-03,17.7
E0265,2025-01,3.8
E0265,2025-02,11.9
E0265,2025-03,11.7
E0265,2025-04,6.7
E0265,2025-05,6.8
E0265,2025-06,4.5
E0265,2025-07,13.0
E0265,2025-08,5.8
E0265,2025-09,6.8
E0265,2025-10,13.1
E0265,2025-11,13.0
E0265,2025-12,8.3
E0265,2026-01,19.0
E0265,2026-02,16.2
E0265,2026-03,18.9
E0266,2025-01,8.7
E0266,2025-02,10.6
E0266,2025-03,7.0
E0266,2025-04,8.3
E0266,2025-05,7.9
E0266,2025-06,11.4
E0266,2025-07,14.4
E0266,2025-08,13.3
E0266,2025-09,12.8
E0266,2025-10,4.3
E0266,2025-11,13.9
E0266,2025-12,6.0
E0266,2026-01,15.2
E0266,2026-02,19.5
E0266,2026-03,15.0
E0267,2025-01,9.5
E0267,2025-02,13.2
E0267,2025-03,16.3
E0267,2025-04,8.5
E0267,2025-05,19.5
E0267,2025-06,20.0
E0267,2025-07,15.1
E0267,2025-08,12.0
E0267,2025-09,20.3
E0267,2025-10,13.0
E0267,2025-11,10.2
E0267,2025-12,16.4
E0267,2026-01,15.5
E0267,2026-02,16.8
E0267,2026-03,11.5
E0268,2025-01,24.2
E0268,2025-02,25.3
E0268,2025-03,27.2
E0268,2025-04,27.6
E0268,2025-05,19.0
E0268,2025-06,15.9
E0268,2025-07,25.9
E0268,2025-08,24.3
E0268,2025-09,22.3
E0268,2025-10,23.5
E0268,2025-11,20.7
E0268,2025-12,31.0
E0268,2026-01,10.3
E0268,2026-02,9.3
E0268,2026-03,14.2
E0269,2025-01,7.7
E0269,2025-02,17.4
E0269,2025-03,10.6
E0269,2025-04,13.1
E0269,2025-05,13.9
E0269,2025-06,11.8
E0269,2025-07,14.8
E0269,2025-08,5.2
E0269,2025-09,9.6
E0269,2025-10,8.3
E0269,2025-11,10.8
E0269,2025-12,12.5
E0269,2026-01,15.1
E0269,2026-02,12.2
E0269,2026-03,12.3
E0270,2025-01,22.8
E0270,2025-02,20.3
E0270,2025-03,19.4
E0270,2025-04,20.8
E0270,2025-05,20.1
E0270,2025-06,21.4
E0270,2025-07,21.5
E0270,2025-08,19.7
E0270,2025-09,16.6
E0270,2025-10,22.7
E0270,2025-11,26.2
E0270,2025-12,18.6
E0270,2026-01,13.3
E0270,2026-02,13.7
E0270,2026-03,10.6
E0271,2025-01,12.0
E0271,2025-02,10.7
E0271,2025-03,14.8
E0271,2025-04,9.0
E0271,2025-05,11.6
E0271,2025-06,12.0
E0271,2025-07,13.5
E0271,2025-08,8.0
E0271,2025-09,13.7
E0271,2025-10,10.3
E0271,2025-11,14.5
E0271,2025-12,10.9
E0271,2026-01,18.2
E0271,2026-02,16.0
E0271,2026-03,14.0
E0272,2025-01,26.2
E0272,2025-02,14.8
E0272,2025-03,23.4
E0272,2025-04,22.4
E0272,2025-05,23.0
E0272,2025-06,25.4
E0272,2025-07,14.0
E0272,2025-08,29.9
E0272,2025-09,23.3
E0272,2025-10,28.9
E0272,2025-11,28.6
E0272,2025-12,22.9
E0272,2026-01,11.7
E0272,2026-02,11.6
E0272,2026-03,13.2
E0273,2025-01,39.8
E0273,2025-02,41.8
E0273,2025-03,29.6
E0273,2025-04,38.4
E0273,2025-05,42.6
E0273,2025-06,44.9
E0273,2025-07,37.5
E0273,2025-08,40.2
E0273,2025-09,41.1
E0273,2025-10,38.4
E0273,2025-11,35.0
E0273,2025-12,36.1
E0273,2026-01,19.5
E0273,2026-02,15.2
E0273,2026-03,15.8
E0274,2025-01,6.4
E0274,2025-02,4.6
E0274,2025-03,9.9
E0274,2025-04,19.5
E0274,2025-05,11.6
E0274,2025-06,9.5
E0274,2025-07,12.1
E0274,2025-08,7.3
E0274,2025-09,4.0
E0274,2025-10,7.8
E0274,2025-11,6.1
E0274,2025-12,3.2
E0274,2026-01,11.9
E0274,2026-02,13.1
E0274,2026-03,15.3
E0275,2025-01,24.5
E0275,2025-02,28.7
E0275,2025-03,28.3
E0275,2025-04,27.8
E0275,2025-05,33.4
E0275,2025-06,24.5
E0275,2025-07,28.5
E0275,2025-08,25.2
E0275,2025-09,32.4
E0275,2025-10,23.5
E0275,2025-11,29.7
E0275,2025-12,27.7
E0275,2026-01,20.9
E0275,2026-02,16.2
E0275,2026-03,20.1
E0276,2025-01,21.9
E0276,2025-02,17.0
E0276,2025-03,16.1
E0276,2025-04,15.6
E0276,2025-05,16.4
E0276,2025-06,9.5
E0276,2025-07,14.9
E0276,2025-08,14.7
E0276,2025-09,12.4
E0276,2025-10,14.8
E0276,2025-11,13.4
E0276,2025-12,15.0
E0276,2026-01,15.9
E0276,2026-02,15.5
E0276,2026-03,19.8
E0277,2025-01,26.3
E0277,2025-02,26.4
E0277,2025-03,30.2
E0277,2025-04,25.1
E0277,2025-05,17.8
E0277,2025-06,22.5
E0277,2025-07,21.3
E0277,2025-08,19.9
E0277,2025-09,28.1
E0277,2025-10,25.7
E0277,2025-11,24.1
E0277,2025-12,17.9
E0277,2026-01,13.5
E0277,2026-02,12.8
E0277,2026-03,16.8
E0278,2025-01,10.2
E0278,2025-02,19.9
E0278,2025-03,7.2
E0278,2025-04,9.7
E0278,2025-05,16.1
E0278,2025-06,8.8
E0278,2025-07,8.7
E0278,2025-08,9.6
E0278,2025-09,11.9
E0278,2025-10,6.8
E0278,2025-11,14.2
E0278,2025-12,9.0
E0278,2026-01,13.6
E0278,2026-02,16.6
E0278,2026-03,10.7
E0279,2025-01,12.7
E0279,2025-02,10.2
E0279,2025-03,6.5
E0279,2025-04,3.1
E0279,2025-05,12.8
E0279,2025-06,4.6
E0279,2025-07,14.9
E0279,2025-08,12.4
E0279,2025-09,20.0
E0279,2025-10,9.5
E0279,2025-11,18.8
E0279,2025-12,10.7
E0279,2026-01,13.0
E0279,2026-02,18.4
E0279,2026-03,14.6
E0280,2025-01,54.6
E0280,2025-02,53.0
E0280,2025-03,43.5
E0280,2025-04,63.6
E0280,2025-05,57.3
E0280,2025-06,52.5
E0280,2025-07,56.2
E0280,2025-08,52.0
E0280,2025-09,54.4
E0280,2025-10,51.5
E0280,2025-11,46.7
E0280,2025-12,50.5
E0280,2026-01,13.2
E0280,2026-02,10.4
E0280,2026-03,15.1
E0281,2025-01,4.4
E0281,2025-02,9.0
E0281,2025-03,2.3
E0281,2025-04,7.1
E0281,2025-05,0.8
E0281,2025-06,9.6
E0281,2025-07,1.6
E0281,2025-08,8.9
E0281,2025-09,6.9
E0281,2025-10,10.6
E0281,2025-11,5.9
E0281,2025-12,9.7
E0281,2026-01,20.5
E0281,2026-02,18.6
E0281,2026-03,18.7
E0282,2025-01,18.2
E0282,2025-02,19.3
E0282,2025-03,10.5
E0282,2025-04,15.1
E0282,2025-05,17.0
E0282,2025-06,23.1
E0282,2025-07,19.0
E0282,2025-08,10.8
E0282,2025-09,19.4
E0282,2025-10,14.1
E0282,2025-11,14.5
E0282,2025-12,17.4
E0282,2026-01,14.0
E0282,2026-02,14.2
E0282,2026-03,13.3
E0283,2025-01,26.1
E0283,2025-02,21.9
E0283,2025-03,18.0
E0283,2025-04,24.3
E0283,2025-05,24.1
E0283,2025-06,30.8
E0283,2025-07,25.2
E0283,2025-08,29.7
E0283,2025-09,33.5
E0283,2025-10,20.6
E0283,2025-11,30.9
E0283,2025-12,28.8
E0283,2026-01,12.8
E0283,2026-02,14.9
E0283,2026-03,12.7
E0284,2025-01,10.4
E0284,2025-02,18.5
E0284,2025-03,22.1
E0284,2025-04,20.6
E0284,2025-05,25.9
E0284,2025-06,21.6
E0284,2025-07,13.5
E0284,2025-08,22.4
E0284,2025-09,14.7
E0284,2025-10,17.0
E0284,2025-11,23.6
E0284,2025-12,23.2
E0284,2026-01,23.0
E0284,2026-02,18.1
E0284,2026-03,12.8
E0285,2025-01,6.0
E0285,2025-02,3.0
E0285,2025-03,5.1
E0285,2025-04,5.4
E0285,2025-05,3.6
E0285,2025-06,10.4
E0285,2025-07,4.2
E0285,2025-08,4.8
E0285,2025-09,4.9
E0285,2025-10,8.7
E0285,2025-11,6.9
E0285,2025-12,6.7
E0285,2026-01,18.5
E0285,2026-02,16.5
E0285,2026-03,13.3
E0286,2025-01,2.7
E0286,2025-02,7.4
E0286,2025-03,9.5
E0286,2025-04,5.1
E0286,2025-05,7.1
E0286,2025-06,10.2
E0286,2025-07,3.3
E0286,2025-08,3.3
E0286,2025-09,6.0
E0286,2025-10,9.6
E0286,2025-11,0.0
E0286,2025-12,5.7
E0286,2026-01,16.6
E0286,2026-02,19.9
E0286,2026-03,19.4
E0287,2025-01,18.3
E0287,2025-02,22.5
E0287,2025-03,20.7
E0287,2025-04,25.6
E0287,2025-05,23.7
E0287,2025-06,20.2
E0287,2025-07,17.0
E0287,2025-08,22.5
E0287,2025-09,19.9
E0287,2025-10,20.3
E0287,2025-11,16.4
E0287,2025-12,21.7
E0287,2026-01,14.5
E0287,2026-02,16.5
E0287,2026-03,17.2
E0288,2025-01,15.6
E0288,2025-02,16.0
E0288,2025-03,3.2
E0288,2025-04,17.8
E0288,2025-05,13.8
E0288,2025-06,19.7
E0288,2025-07,17.9
E0288,2025-08,11.7
E0288,2025-09,17.2
E0288,2025-10,18.5
E0288,2025-11,26.0
E0288,2025-12,20.0
E0288,2026-01,15.5
E0288,2026-02,15.3
E0288,2026-03,17.8
E0289,2025-01,18.7
E0289,2025-02,31.7
E0289,2025-03,22.8
E0289,2025-04,22.8
E0289,2025-05,31.6
E0289,2025-06,21.4
E0289,2025-07,23.2
E0289,2025-08,17.4
E0289,2025-09,23.7
E0289,2025-10,23.3
E0289,2025-11,22.3
E0289,2025-12,24.5
E0290,2025-01,31.2
E0290,2025-02,40.4
E0290,2025-03,34.6
E0290,2025-04,31.4
E0290,2025-05,28.9
E0290,2025-06,34.7
E0290,2025-07,38.2
E0290,2025-08,35.9
E0290,2025-09,42.5
E0290,2025-10,42.5
E0290,2025-11,29.4
E0290,2025-12,28.5
E0290,2026-01,18.0
E0290,2026-02,20.4
E0290,2026-03,17.9
E0291,2025-01,25.7
E0291,2025-02,31.6
E0291,2025-03,30.3
E0291,2025-04,32.8
E0291,2025-05,24.6
E0291,2025-06,21.7
E0291,2025-07,26.4
E0291,2025-08,31.1
E0291,2025-09,29.4
E0291,2025-10,33.8
E0291,2025-11,25.9
E0291,2025-12,32.8
E0291,2026-01,16.6
E0291,2026-02,16.6
E0291,2026-03,16.5
E0292,2025-01,23.8
E0292,2025-02,29.3
E0292,2025-03,29.3
E0292,2025-04,32.5
E0292,2025-05,20.9
E0292,2025-06,31.8
E0292,2025-07,28.0
E0292,2025-08,26.5
E0292,2025-09,25.7
E0292,2025-10,25.9
E0292,2025-11,26.4
E0292,2025-12,19.8
E0292,2026-01,14.4
E0292,2026-02,10.6
E0292,2026-03,18.3
E0293,2025-01,19.2
E0293,2025-02,18.9
E0293,2025-03,15.6
E0293,2025-04,18.4
E0293,2025-05,22.7
E0293,2025-06,15.8
E0293,2025-07,13.7
E0293,2025-08,15.4
E0293,2025-09,9.9
E0293,2025-10,25.4
E0293,2025-11,14.9
E0293,2025-12,23.3
E0293,2026-01,14.6
E0293,2026-02,18.0
E0293,2026-03,16.9
E0294,2025-01,0.0
E0294,2025-02,1.8
E0294,2025-03,4.6
E0294,2025-04,6.9
E0294,2025-05,4.0
E0294,2025-06,0.0
E0294,2025-07,4.1
E0294,2025-08,9.3
E0294,2025-09,5.6
E0294,2025-10,13.2
E0294,2025-11,5.0
E0294,2025-12,8.4
E0294,2026-01,15.6
E0294,2026-02,13.2
E0294,2026-03,16.6
E0295,2025-01,6.5
E0295,2025-02,1.9
E0295,2025-03,4.2
E0295,2025-04,8.9
E0295,2025-05,3.0
E0295,2025-06,6.0
E0295,2025-07,1.9
E0295,2025-08,8.1
E0295,2025-09,4.7
E0295,2025-10,7.9
E0295,2025-11,9.4
E0295,2025-12,7.1
E0295,2026-01,15.1
E0295,2026-02,17.9
E0295,2026-03,15.2
E0296,2025-01,13.5
E0296,2025-02,13.6
E0296,2025-03,5.8
E0296,2025-04,15.9
E0296,2025-05,18.4
E0296,2025-06,9.2
E0296,2025-07,13.6
E0296,2025-08,13.5
E0296,2025-09,16.1
E0296,2025-10,14.8
E0296,2025-11,10.6
E0296,2025-12,20.6
E0296,2026-01,16.7
E0296,2026-02,16.6
E0296,2026-03,10.7
E0297,2025-01,18.0
E0297,2025-02,22.3
E0297,2025-03,19.4
E0297,2025-04,26.1
E0297,2025-05,26.5
E0297,2025-06,24.2
E0297,2025-07,19.8
E0297,2025-08,21.0
E0297,2025-09,28.3
E0297,2025-10,24.4
E0297,2025-11,22.9
E0297,2025-12,21.9
E0297,2026-01,13.7
E0297,2026-02,16.7
E0297,2026-03,13.1
E0298,2025-01,4.3
E0298,2025-02,7.1
E0298,2025-03,3.8
E0298,2025-04,6.5
E0298,2025-05,0.0
E0298,2025-06,9.3
E0298,2025-07,4.6
E0298,2025-08,0.9
E0298,2025-09,6.6
E0298,2025-10,5.5
E0298,2025-11,0.3
E0298,2025-12,4.3
E0298,2026-01,15.1
E0298,2026-02,16.7
E0298,2026-03,14.2
E0299,2025-01,0.8
E0299,2025-02,0.0
E0299,2025-03,1.2
E0299,2025-04,0.0
E0299,2025-05,0.0
E0299,2025-06,4.9
E0299,2025-07,4.1
E0299,2025-08,1.9
E0299,2025-09,0.0
E0299,2025-10,2.6
E0299,2025-11,5.9
E0299,2025-12,7.8
E0299,2026-01,17.7
E0299,2026-02,19.3
E0299,2026-03,18.5
E0300,2025-01,26.7
E0300,2025-02,17.9
E0300,2025-03,19.5
E0300,2025-04,22.0
E0300,2025-05,22.3
E0300,2025-06,22.8
E0300,2025-07,27.1
E0300,2025-08,23.4
E0300,2025-09,27.5
E0300,2025-10,19.6
E0300,2025-11,21.1
E0300,2025-12,21.0
