사번,분기,평가등급
E0001,2025Q1,B
E0001,2025Q2,B
E0001,2025Q3,S
E0001,2025Q4,A
E0002,2025Q1,B
E0002,2025Q2,S
E0002,2025Q3,B
E0002,2025Q4,D
E0003,2025Q1,C
E0003,2025Q2,C
E0003,2025Q3,B
E0003,2025Q4,S
E0004,2025Q1,C
E0004,2025Q2,C
E0004,2025Q3,B
E0004,2025Q4,C
E0005,2025Q1,D
E0005,2025Q2,A
E0005,2025Q3,C
E0005,2025Q4,D
E0006,2025Q1,B
E0006,2025Q2,C
E0006,2025Q3,C
E0006,2025Q4,B
E0007,2025Q1,B
E0007,2025Q2,B
E0007,2025Q3,D
E0007,2025Q4,B
E0008,2025Q1,B
E0008,2025Q2,D
E0008,2025Q3,A
E0008,2025Q4,C
E0009,2025Q1,S
E0009,2025Q2,S
E0009,2025Q3,B
E0009,2025Q4,B
E0010,2025Q1,B
E0010,2025Q2,D
E0010,2025Q3,A
E0010,2025Q4,S
E0011,2025Q1,D
E0011,2025Q2,D
E0011,2025Q3,B
E0011,2025Q4,A
E0012,2025Q1,A
E0012,2025Q2,B
E0012,2025Q3,S
E0012,2025Q4,A
E0013,2025Q1,A
E0013,2025Q2,A
E0013,2025Q3,S
E0013,2025Q4,B
E0014,2025Q1,C
E0014,2025Q2,B
E0014,2025Q3,D
E0014,2025Q4,D
E0015,2025Q1,S
E0015,2025Q2,S
E0015,2025Q3,D
E0015,2025Q4,S
E0016,2025Q1,C
E0016,2025Q2,B
E0016,2025Q3,B
E0016,2025Q4,A
E0017,2025Q1,D
E0017,2025Q2,D
E0017,2025Q3,D
E0017,2025Q4,A
E0018,2025Q1,D
E0018,2025Q2,B
E0018,2025Q3,S
E0018,2025Q4,B
E0019,2025Q1,S
E0019,2025Q2,B
E0019,2025Q3,D
E0019,2025Q4,B
E0020,2025Q1,B
E0020,2025Q2,A
E0020,2025Q3,D
E0020,2025Q4,B
E0021,2025Q1,C
E0021,2025Q2,B
E0021,2025Q3,D
E0021,2025Q4,D
E0022,2025Q1,S
E0022,2025Q2,B
E0022,2025Q3,D
E0022,2025Q4,D
E0023,2025Q1,B
E0023,2025Q2,S
E0023,2025Q3,D
E0023,2025Q4,D
E0024,2025Q1,B
E0024,2025Q2,B
E0024,2025Q3,C
E0024,2025Q4,B
E0025,2025Q1,C
E0025,2025Q2,A
E0025,2025Q3,D
E0025,2025Q4,B
E0026,2025Q1,B
E0026,2025Q2,A
E0026,2025Q3,D
E0026,2025Q4,A
E0027,2025Q1,C
E0027,2025Q2,A
E0027,2025Q3,S
E0027,2025Q4,S
E0028,2025Q1,S
E0028,2025Q2,D
E0028,2025Q3,A
E0028,2025Q4,D
E0029,2025Q1,D
E0029,2025Q2,B
E0029,2025Q3,B
E0029,2025Q4,S
E0030,2025Q1,S
E0030,2025Q2,S
E0030,2025Q3,C
E0030,2025Q4,C
E0031,2025Q1,S
E0031,2025Q2,S
E0031,2025Q3,D
E0031,2025Q4,C
E0032,2025Q1,B
E0032,2025Q2,B
E0032,2025Q3,B
E0032,2025Q4,D
E0033,2025Q1,B
E0033,2025Q2,A
E0033,2025Q3,A
E0033,2025Q4,B
E0034,2025Q1,C
E0034,2025Q2,S
E0034,2025Q3,A
E0034,2025Q4,D
E0035,2025Q1,C
E0035,2025Q2,C
E0035,2025Q3,B
E0035,2025Q4,A
E0036,2025Q1,B
E0036,2025Q2,D
E0036,2025Q3,C
E0036,2025Q4,B
E0037,2025Q1,B
E0037,2025Q2,D
E0037,2025Q3,A
E0037,2025Q4,D
E0038,2025Q1,B
E0038,2025Q2,B
E0038,2025Q3,S
E0038,2025Q4,D
E0039,2025Q1,B
E0039,2025Q2,S
E0039,2025Q3,A
E0039,2025Q4,B
E0040,2025Q1,C
E0040,2025Q2,D
E0040,2025Q3,B
E0040,2025Q4,S
E0041,2025Q1,C
E0041,2025Q2,A
E0041,2025Q3,D
E0041,2025Q4,B
E0042,2025Q1,B
E0042,2025Q2,S
E0042,2025Q3,A
E0042,2025Q4,A
E0043,2025Q1,B
E0043,2025Q2,B
E0043,2025Q3,B
E0043,2025Q4,A
E0044,2025Q1,S
E0044,2025Q2,S
E0044,2025Q3,C
E0044,2025Q4,S
E0045,2025Q1,B
E0045,2025Q2,C
E0045,2025Q3,B
E0045,2025Q4,B
E0046,2025Q1,B
E0046,2025Q2,S
E0046,2025Q3,C
E0046,2025Q4,B
E0047,2025Q1,B
E0047,2025Q2,A
E0047,2025Q3,S
E0047,2025Q4,D
E0048,2025Q1,B
E0048,2025Q2,D
E0048,2025Q3,A
E0048,2025Q4,B
E0049,2025Q1,B
E0049,2025Q2,B
E0049,2025Q3,B
E0049,2025Q4,C
E0050,2025Q1,B
E0050,2025Q2,C
E0050,2025Q3,B
E0050,2025Q4,A
E0051,2025Q1,B
E0051,2025Q2,A
E0051,2025Q3,B
E0051,2025Q4,A
E0052,2025Q1,S
E0052,2025Q2,B
E0052,2025Q3,B
E0052,2025Q4,S
E0053,2025Q1,S
E0053,2025Q2,C
E0053,2025Q3,A
E0053,2025Q4,B
E0054,2025Q1,C
E0054,2025Q2,D
E0054,2025Q3,B
E0054,2025Q4,S
E0055,2025Q1,C
E0055,2025Q2,D
E0055,2025Q3,C
E0055,2025Q4,C
E0056,2025Q1,A
E0056,2025Q2,D
E0056,2025Q3,C
E0056,2025Q4,B
E0057,2025Q1,A
E0057,2025Q2,B
E0057,2025Q3,D
E0057,2025Q4,C
E0058,2025Q1,C
E0058,2025Q2,D
E0058,2025Q3,B
E0058,2025Q4,B
E0059,2025Q1,C
E0059,2025Q2,C
E0059,2025Q3,A
E0059,2025Q4,B
E0060,2025Q1,C
E0060,2025Q2,B
E0060,2025Q3,A
E0060,2025Q4,B
E0061,2025Q1,B
E0061,2025Q2,A
E0061,2025Q3,C
E0061,2025Q4,B
E0062,2025Q1,B
E0062,2025Q2,C
E0062,2025Q3,A
E0062,2025Q4,S
E0063,2025Q1,D
E0063,2025Q2,B
E0063,2025Q3,C
E0063,2025Q4,D
E0064,2025Q1,A
E0064,2025Q2,B
E0064,2025Q3,C
E0064,2025Q4,D
E0065,2025Q1,S
E0065,2025Q2,C
E0065,2025Q3,S
E0065,2025Q4,S
E0066,2025Q1,B
E0066,2025Q2,A
E0066,2025Q3,B
E0066,2025Q4,S
E0067,2025Q1,A
E0067,2025Q2,A
E0067,2025Q3,A
E0067,2025Q4,B
E0068,2025Q1,C
E0068,2025Q2,S
E0068,2025Q3,A
E0068,2025Q4,D
E0069,2025Q1,B
E0069,2025Q2,B
E0069,2025Q3,D
E0069,2025Q4,S
E0070,2025Q1,B
E0070,2025Q2,B
E0070,2025Q3,S
E0070,2025Q4,B
E0071,2025Q1,S
E0071,2025Q2,A
E0071,2025Q3,B
E0071,2025Q4,D
E0072,2025Q1,B
E0072,2025Q2,D
E0072,2025Q3,B
E0072,2025Q4,B
E0073,2025Q1,C
E0073,2025Q2,C
E0073,2025Q3,D
E0073,2025Q4,A
E0074,2025Q1,B
E0074,2025Q2,B
E0074,2025Q3,C
E0074,2025Q4,S
E0075,2025Q1,S
E0075,2025Q2,S
E0075,2025Q3,A
E0075,2025Q4,B
E0076,2025Q1,B
E0076,2025Q2,D
E0076,2025Q3,C
E0076,2025Q4,S
E0077,2025Q1,A
E0077,2025Q2,D
E0077,2025Q3,B
E0077,2025Q4,B
E0078,2025Q1,B
E0078,2025Q2,A
E0078,2025Q3,D
E0078,2025Q4,D
E0079,2025Q1,C
E0079,2025Q2,A
E0079,2025Q3,D
E0079,2025Q4,C
E0080,2025Q1,D
E0080,2025Q2,B
E0080,2025Q3,C
E0080,2025Q4,D
E0081,2025Q1,C
E0081,2025Q2,C
E0081,2025Q3,D
E0081,2025Q4,C
E0082,2025Q1,S
E0082,2025Q2,S
E0082,2025Q3,D
E0082,2025Q4,S
E0083,2025Q1,S
E0083,2025Q2,A
E0083,2025Q3,B
E0083,2025Q4,D
E0084,2025Q1,C
E0084,2025Q2,A
E0084,2025Q3,D
E0084,2025Q4,S
E0085,2025Q1,C
E0085,2025Q2,B
E0085,2025Q3,D
E0085,2025Q4,C
E0086,2025Q1,B
E0086,2025Q2,B
E0086,2025Q3,D
E0086,2025Q4,A
E0087,2025Q1,B
E0087,2025Q2,A
E0087,2025Q3,C
E0087,2025Q4,B
E0088,2025Q1,D
E0088,2025Q2,A
E0088,2025Q3,C
E0088,2025Q4,S
E0089,2025Q1,C
E0089,2025Q2,A
E0089,2025Q3,D
E0089,2025Q4,D
E0090,2025Q1,B
E0090,2025Q2,B
E0090,2025Q3,S
E0090,2025Q4,A
E0091,2025Q1,D
E0091,2025Q2,D
E0091,2025Q3,S
E0091,2025Q4,B
E0092,2025Q1,D
E0092,2025Q2,C
E0092,2025Q3,B
E0092,2025Q4,B
E0093,2025Q1,S
E0093,2025Q2,S
E0093,2025Q3,C
E0093,2025Q4,S
E0094,2025Q1,S
E0094,2025Q2,S
E0094,2025Q3,D
E0094,2025Q4,S
E0095,2025Q1,S
E0095,2025Q2,B
E0095,2025Q3,B
E0095,2025Q4,C
E0096,2025Q1,B
E0096,2025Q2,C
E0096,2025Q3,D
E0096,2025Q4,D
E0097,2025Q1,D
E0097,2025Q2,A
E0097,2025Q3,C
E0097,2025Q4,C
E0098,2025Q1,S
E0098,2025Q2,S
E0098,2025Q3,S
E0098,2025Q4,B
E0099,2025Q1,D
E0099,2025Q2,S
E0099,2025Q3,A
E0099,2025Q4,B
E0100,2025Q1,A
E0100,2025Q2,B
E0100,2025Q3,S
E0100,2025Q4,C
E0101,2025Q1,B
E0101,2025Q2,D
E0101,2025Q3,B
E0101,2025Q4,A
E0102,2025Q1,S
E0102,2025Q2,B
E0102,2025Q3,B
E0102,2025Q4,C
E0103,2025Q1,D
E0103,2025Q2,C
E0103,2025Q3,C
E0103,2025Q4,D
E0104,2025Q1,A
E0104,2025Q2,C
E0104,2025Q3,D
E0104,2025Q4,B
E0105,2025Q1,B
E0105,2025Q2,D
E0105,2025Q3,B
E0105,2025Q4,B
E0106,2025Q1,B
E0106,2025Q2,D
E0106,2025Q3,D
E0106,2025Q4,A
E0107,2025Q1,D
E0107,2025Q2,C
E0107,2025Q3,B
E0107,2025Q4,C
E0108,2025Q1,D
E0108,2025Q2,B
E0108,2025Q3,B
E0108,2025Q4,B
E0109,2025Q1,A
E0109,2025Q2,S
E0109,2025Q3,B
E0109,2025Q4,D
E0110,2025Q1,A
E0110,2025Q2,B
E0110,2025Q3,B
E0110,2025Q4,S
E0111,2025Q1,D
E0111,2025Q2,C
E0111,2025Q3,C
E0111,2025Q4,B
E0112,2025Q1,B
E0112,2025Q2,A
E0112,2025Q3,S
E0112,2025Q4,C
E0113,2025Q1,B
E0113,2025Q2,B
E0113,2025Q3,B
E0113,2025Q4,A
E0114,2025Q1,A
E0114,2025Q2,C
E0114,2025Q3,B
E0114,2025Q4,B
E0115,2025Q1,A
E0115,2025Q2,B
E0115,2025Q3,A
E0115,2025Q4,S
E0116,2025Q1,A
E0116,2025Q2,A
E0116,2025Q3,B
E0116,2025Q4,A
E0117,2025Q1,A
E0117,2025Q2,S
E0117,2025Q3,A
E0117,2025Q4,A
E0118,2025Q1,B
E0118,2025Q2,B
E0118,2025Q3,S
E0118,2025Q4,A
E0119,2025Q1,B
E0119,2025Q2,B
E0119,2025Q3,S
E0119,2025Q4,D
E0120,2025Q1,B
E0120,2025Q2,B
E0120,2025Q3,S
E0120,2025Q4,A
E0121,2025Q1,B
E0121,2025Q2,B
E0121,2025Q3,S
E0121,2025Q4,B
E0122,2025Q1,D
E0122,2025Q2,B
E0122,2025Q3,B
E0122,2025Q4,B
E0123,2025Q1,A
E0123,2025Q2,A
E0123,2025Q3,B
E0123,2025Q4,B
E0124,2025Q1,B
E0124,2025Q2,C
E0124,2025Q3,D
E0124,2025Q4,B
E0125,2025Q1,C
E0125,2025Q2,C
E0125,2025Q3,B
E0125,2025Q4,A
E0126,2025Q1,B
E0126,2025Q2,S
E0126,2025Q3,S
E0126,2025Q4,D
E0127,2025Q1,B
E0127,2025Q2,A
E0127,2025Q3,A
E0127,2025Q4,A
E0128,2025Q1,S
E0128,2025Q2,C
E0128,2025Q3,D
E0128,2025Q4,S
E0129,2025Q1,A
E0129,2025Q2,S
E0129,2025Q3,S
E0129,2025Q4,D
E0130,2025Q1,B
E0130,2025Q2,B
E0130,2025Q3,C
E0130,2025Q4,B
E0131,2025Q1,B
E0131,2025Q2,A
E0131,2025Q3,D
E0131,2025Q4,D
E0132,2025Q1,B
E0132,2025Q2,B
E0132,2025Q3,D
E0132,2025Q4,B
E0133,2025Q1,D
E0133,2025Q2,S
E0133,2025Q3,S
E0133,2025Q4,B
E0134,2025Q1,B
E0134,2025Q2,C
E0134,2025Q3,A
E0134,2025Q4,S
E0135,2025Q1,D
E0135,2025Q2,B
E0135,2025Q3,B
E0135,2025Q4,D
E0136,2025Q1,A
E0136,2025Q2,B
E0136,2025Q3,D
E0136,2025Q4,A
E0137,2025Q1,B
E0137,2025Q2,S
E0137,2025Q3,B
E0137,2025Q4,D
E0138,2025Q1,B
E0138,2025Q2,C
E0138,2025Q3,D
E0138,2025Q4,B
E0139,2025Q1,D
E0139,2025Q2,S
E0139,2025Q3,A
E0139,2025Q4,A
E0140,2025Q1,B
E0140,2025Q2,B
E0140,2025Q3,B
E0140,2025Q4,D
E0141,2025Q1,A
E0141,2025Q2,D
E0141,2025Q3,C
E0141,2025Q4,A
E0142,2025Q1,B
E0142,2025Q2,B
E0142,2025Q3,C
E0142,2025Q4,D
E0143,2025Q1,D
E0143,2025Q2,D
E0143,2025Q3,B
E0143,2025Q4,B
E0144,2025Q1,B
E0144,2025Q2,A
E0144,2025Q3,S
E0144,2025Q4,B
E0145,2025Q1,B
E0145,2025Q2,D
E0145,2025Q3,D
E0145,2025Q4,C
E0146,2025Q1,B
E0146,2025Q2,A
E0146,2025Q3,D
E0146,2025Q4,C
E0147,2025Q1,B
E0147,2025Q2,A
E0147,2025Q3,C
E0147,2025Q4,S
E0148,2025Q1,D
E0148,2025Q2,A
E0148,2025Q3,B
E0148,2025Q4,C
E0149,2025Q1,S
E0149,2025Q2,A
E0149,2025Q3,S
E0149,2025Q4,A
E0150,2025Q1,B
E0150,2025Q2,A
E0150,2025Q3,B
E0150,2025Q4,A
E0151,2025Q1,C
E0151,2025Q2,A
E0151,2025Q3,A
E0151,2025Q4,B
E0152,2025Q1,B
E0152,2025Q2,A
E0152,2025Q3,B
E0152,2025Q4,B
E0153,2025Q1,B
E0153,2025Q2,A
E0153,2025Q3,D
E0153,2025Q4,S
E0154,2025Q1,D
E0154,2025Q2,D
E0154,2025Q3,D
E0154,2025Q4,D
E0155,2025Q1,S
E0155,2025Q2,A
E0155,2025Q3,A
E0155,2025Q4,S
E0156,2025Q1,C
E0156,2025Q2,B
E0156,2025Q3,C
E0156,2025Q4,B
E0157,2025Q1,D
E0157,2025Q2,D
E0157,2025Q3,S
E0157,2025Q4,S
E0158,2025Q1,C
E0158,2025Q2,B
E0158,2025Q3,C
E0158,2025Q4,B
E0159,2025Q1,A
E0159,2025Q2,D
E0159,2025Q3,A
E0159,2025Q4,S
E0160,2025Q1,A
E0160,2025Q2,C
E0160,2025Q3,B
E0160,2025Q4,S
E0161,2025Q1,A
E0161,2025Q2,S
E0161,2025Q3,S
E0161,2025Q4,B
E0162,2025Q1,C
E0162,2025Q2,D
E0162,2025Q3,C
E0162,2025Q4,B
E0163,2025Q1,C
E0163,2025Q2,A
E0163,2025Q3,B
E0163,2025Q4,B
E0164,2025Q1,B
E0164,2025Q2,B
E0164,2025Q3,C
E0164,2025Q4,B
E0165,2025Q1,A
E0165,2025Q2,A
E0165,2025Q3,S
E0165,2025Q4,A
E0166,2025Q1,D
E0166,2025Q2,S
E0166,2025Q3,A
E0166,2025Q4,B
E0167,2025Q1,B
E0167,2025Q2,B
E0167,2025Q3,C
E0167,2025Q4,S
E0168,2025Q1,B
E0168,2025Q2,A
E0168,2025Q3,B
E0168,2025Q4,S
E0169,2025Q1,S
E0169,2025Q2,A
E0169,2025Q3,S
E0169,2025Q4,A
E0170,2025Q1,A
E0170,2025Q2,B
E0170,2025Q3,S
E0170,2025Q4,C
E0171,2025Q1,C
E0171,2025Q2,B
E0171,2025Q3,B
E0171,2025Q4,A
E0172,2025Q1,C
E0172,2025Q2,S
E0172,2025Q3,C
E0172,2025Q4,B
E0173,2025Q1,B
E0173,2025Q2,A
E0173,2025Q3,S
E0173,2025Q4,B
E0174,2025Q1,D
E0174,2025Q2,S
E0174,2025Q3,C
E0174,2025Q4,A
E0175,2025Q1,C
E0175,2025Q2,D
E0175,2025Q3,B
E0175,2025Q4,B
E0176,2025Q1,S
E0176,2025Q2,B
E0176,2025Q3,D
E0176,2025Q4,S
E0177,2025Q1,D
E0177,2025Q2,B
E0177,2025Q3,B
E0177,2025Q4,C
E0178,2025Q1,C
E0178,2025Q2,S
E0178,2025Q3,D
E0178,2025Q4,D
E0179,2025Q1,D
E0179,2025Q2,D
E0179,2025Q3,B
E0179,2025Q4,B
E0180,2025Q1,D
E0180,2025Q2,A
E0180,2025Q3,A
E0180,2025Q4,C
E0181,2025Q1,B
E0181,2025Q2,A
E0181,2025Q3,S
E0181,2025Q4,B
E0182,2025Q1,C
E0182,2025Q2,B
E0182,2025Q3,S
E0182,2025Q4,S
E0183,2025Q1,D
E0183,2025Q2,B
E0183,2025Q3,B
E0183,2025Q4,S
E0184,2025Q1,B
E0184,2025Q2,C
E0184,2025Q3,S
E0184,2025Q4,A
E0185,2025Q1,C
E0185,2025Q2,C
E0185,2025Q3,D
E0185,2025Q4,S
E0186,2025Q1,A
E0186,2025Q2,B
E0186,2025Q3,A
E0186,2025Q4,C
E0187,2025Q1,S
E0187,2025Q2,A
E0187,2025Q3,A
E0187,2025Q4,C
E0188,2025Q1,B
E0188,2025Q2,A
E0188,2025Q3,D
E0188,2025Q4,A
E0189,2025Q1,B
E0189,2025Q2,C
E0189,2025Q3,B
E0189,2025Q4,C
E0190,2025Q1,C
E0190,2025Q2,B
E0190,2025Q3,B
E0190,2025Q4,B
E0191,2025Q1,C
E0191,2025Q2,B
E0191,2025Q3,A
E0191,2025Q4,C
E0192,2025Q1,D
E0192,2025Q2,C
E0192,2025Q3,S
E0192,2025Q4,B
E0193,2025Q1,B
E0193,2025Q2,A
E0193,2025Q3,D
E0193,2025Q4,A
E0194,2025Q1,D
E0194,2025Q2,C
E0194,2025Q3,A
E0194,2025Q4,A
E0195,2025Q1,C
E0195,2025Q2,B
E0195,2025Q3,S
E0195,2025Q4,B
E0196,2025Q1,B
E0196,2025Q2,S
E0196,2025Q3,C
E0196,2025Q4,B
E0197,2025Q1,B
E0197,2025Q2,B
E0197,2025Q3,S
E0197,2025Q4,B
E0198,2025Q1,C
E0198,2025Q2,A
E0198,2025Q3,C
E0198,2025Q4,S
E0199,2025Q1,A
E0199,2025Q2,B
E0199,2025Q3,B
E0199,2025Q4,B
E0200,2025Q1,C
E0200,2025Q2,C
E0200,2025Q3,S
E0200,2025Q4,B
E0201,2025Q1,B
E0201,2025Q2,A
E0201,2025Q3,A
E0201,2025Q4,C
E0202,2025Q1,S
E0202,2025Q2,C
E0202,2025Q3,D
E0202,2025Q4,B
E0203,2025Q1,B
E0203,2025Q2,C
E0203,2025Q3,B
E0203,2025Q4,A
E0204,2025Q1,B
E0204,2025Q2,A
E0204,2025Q3,B
E0204,2025Q4,S
E0205,2025Q1,S
E0205,2025Q2,B
E0205,2025Q3,S
E0205,2025Q4,D
E0206,2025Q1,B
E0206,2025Q2,B
E0206,2025Q3,A
E0206,2025Q4,B
E0207,2025Q1,D
E0207,2025Q2,B
E0207,2025Q3,S
E0207,2025Q4,D
E0208,2025Q1,A
E0208,2025Q2,C
E0208,2025Q3,B
E0208,2025Q4,S
E0209,2025Q1,B
E0209,2025Q2,A
E0209,2025Q3,A
E0209,2025Q4,B
E0210,2025Q1,C
E0210,2025Q2,C
E0210,2025Q3,S
E0210,2025Q4,C
E0211,2025Q1,A
E0211,2025Q2,C
E0211,2025Q3,S
E0211,2025Q4,B
E0212,2025Q1,C
E0212,2025Q2,C
E0212,2025Q3,A
E0212,2025Q4,A
E0213,2025Q1,B
E0213,2025Q2,D
E0213,2025Q3,D
E0213,2025Q4,B
E0214,2025Q1,C
E0214,2025Q2,A
E0214,2025Q3,B
E0214,2025Q4,C
E0215,2025Q1,C
E0215,2025Q2,B
E0215,2025Q3,A
E0215,2025Q4,B
E0216,2025Q1,D
E0216,2025Q2,C
E0216,2025Q3,S
E0216,2025Q4,S
E0217,2025Q1,S
E0217,2025Q2,B
E0217,2025Q3,D
E0217,2025Q4,C
E0218,2025Q1,A
E0218,2025Q2,A
E0218,2025Q3,D
E0218,2025Q4,B
E0219,2025Q1,D
E0219,2025Q2,C
E0219,2025Q3,B
E0219,2025Q4,B
E0220,2025Q1,C
E0220,2025Q2,C
E0220,2025Q3,A
E0220,2025Q4,B
E0221,2025Q1,B
E0221,2025Q2,D
E0221,2025Q3,A
E0221,2025Q4,S
E0222,2025Q1,B
E0222,2025Q2,C
E0222,2025Q3,D
E0222,2025Q4,B
E0223,2025Q1,B
E0223,2025Q2,D
E0223,2025Q3,B
E0223,2025Q4,A
E0224,2025Q1,S
E0224,2025Q2,S
E0224,2025Q3,D
E0224,2025Q4,D
E0225,2025Q1,A
E0225,2025Q2,B
E0225,2025Q3,A
E0225,2025Q4,A
E0226,2025Q1,C
E0226,2025Q2,C
E0226,2025Q3,B
E0226,2025Q4,B
E0227,2025Q1,S
E0227,2025Q2,C
E0227,2025Q3,B
E0227,2025Q4,D
E0228,2025Q1,A
E0228,2025Q2,C
E0228,2025Q3,A
E0228,2025Q4,A
E0229,2025Q1,C
E0229,2025Q2,B
E0229,2025Q3,D
E0229,2025Q4,S
E0230,2025Q1,B
E0230,2025Q2,B
E0230,2025Q3,B
E0230,2025Q4,S
E0231,2025Q1,D
E0231,2025Q2,B
E0231,2025Q3,A
E0231,2025Q4,B
E0232,2025Q1,C
E0232,2025Q2,A
E0232,2025Q3,B
E0232,2025Q4,D
E0233,2025Q1,S
E0233,2025Q2,C
E0233,2025Q3,C
E0233,2025Q4,S
E0234,2025Q1,B
E0234,2025Q2,S
E0234,2025Q3,S
E0234,2025Q4,B
E0235,2025Q1,B
E0235,2025Q2,D
E0235,2025Q3,S
E0235,2025Q4,B
E0236,2025Q1,C
E0236,2025Q2,S
E0236,2025Q3,D
E0236,2025Q4,S
E0237,2025Q1,B
E0237,2025Q2,B
E0237,2025Q3,C
E0237,2025Q4,B
E0238,2025Q1,D
E0238,2025Q2,C
E0238,2025Q3,S
E0238,2025Q4,B
E0239,2025Q1,B
E0239,2025Q2,C
E0239,2025Q3,B
E0239,2025Q4,B
E0240,2025Q1,A
E0240,2025Q2,S
E0240,2025Q3,B
E0240,2025Q4,B
E0241,2025Q1,D
E0241,2025Q2,A
E0241,2025Q3,C
E0241,2025Q4,C
E0242,2025Q1,B
E0242,2025Q2,B
E0242,2025Q3,D
E0242,2025Q4,S
E0243,2025Q1,B
E0243,2025Q2,C
E0243,2025Q3,S
E0243,2025Q4,B
E0244,2025Q1,B
E0244,2025Q2,C
E0244,2025Q3,S
E0244,2025Q4,A
E0245,2025Q1,A
E0245,2025Q2,D
E0245,2025Q3,S
E0245,2025Q4,B
E0246,2025Q1,B
E0246,2025Q2,S
E0246,2025Q3,A
E0246,2025Q4,D
E0247,2025Q1,B
E0247,2025Q2,C
E0247,2025Q3,S
E0247,2025Q4,D
E0248,2025Q1,B
E0248,2025Q2,C
E0248,2025Q3,B
E0248,2025Q4,B
E0249,2025Q1,C
E0249,2025Q2,B
E0249,2025Q3,A
E0249,2025Q4,D
E0250,2025Q1,S
E0250,2025Q2,D
E0250,2025Q3,A
E0250,2025Q4,A
E0251,2025Q1,C
E0251,2025Q2,C
E0251,2025Q3,C
E0251,2025Q4,B
E0252,2025Q1,B
E0252,2025Q2,S
E0252,2025Q3,B
E0252,2025Q4,S
E0253,2025Q1,A
E0253,2025Q2,S
E0253,2025Q3,S
E0253,2025Q4,C
E0254,2025Q1,B
E0254,2025Q2,B
E0254,2025Q3,B
E0254,2025Q4,C
E0255,2025Q1,D
E0255,2025Q2,D
E0255,2025Q3,D
E0255,2025Q4,A
E0256,2025Q1,A
E0256,2025Q2,A
E0256,2025Q3,S
E0256,2025Q4,B
E0257,2025Q1,A
E0257,2025Q2,B
E0257,2025Q3,S
E0257,2025Q4,A
E0258,2025Q1,A
E0258,2025Q2,D
E0258,2025Q3,D
E0258,2025Q4,B
E0259,2025Q1,B
E0259,2025Q2,S
E0259,2025Q3,B
E0259,2025Q4,C
E0260,2025Q1,D
E0260,2025Q2,B
E0260,2025Q3,D
E0260,2025Q4,B
E0261,2025Q1,B
E0261,2025Q2,C
E0261,2025Q3,B
E0261,2025Q4,B
E0262,2025Q1,C
E0262,2025Q2,B
E0262,2025Q3,S
E0262,2025Q4,B
E0263,2025Q1,A
E0263,2025Q2,B
E0263,2025Q3,B
E0263,2025Q4,B
E0264,2025Q1,B
E0264,2025Q2,A
E0264,2025Q3,B
E0264,2025Q4,S
E0265,2025Q1,D
E0265,2025Q2,D
E0265,2025Q3,A
E0265,2025Q4,C
E0266,2025Q1,S
E0266,2025Q2,C
E0266,2025Q3,B
E0266,2025Q4,B
E0267,2025Q1,B
E0267,2025Q2,B
E0267,2025Q3,C
E0267,2025Q4,B
E0268,2025Q1,S
E0268,2025Q2,B
E0268,2025Q3,C
E0268,2025Q4,A
E0269,2025Q1,D
E0269,2025Q2,B
E0269,2025Q3,D
E0269,2025Q4,C
E0270,2025Q1,D
E0270,2025Q2,B
E0270,2025Q3,B
E0270,2025Q4,C
E0271,2025Q1,S
E0271,2025Q2,A
E0271,2025Q3,B
E0271,2025Q4,S
E0272,2025Q1,B
E0272,2025Q2,B
E0272,2025Q3,S
E0272,2025Q4,B
E0273,2025Q1,A
E0273,2025Q2,D
E0273,2025Q3,C
E0273,2025Q4,D
E0274,2025Q1,S
E0274,2025Q2,D
E0274,2025Q3,B
E0274,2025Q4,B
E0275,2025Q1,C
E0275,2025Q2,A
E0275,2025Q3,A
E0275,2025Q4,B
E0276,2025Q1,D
E0276,2025Q2,A
E0276,2025Q3,D
E0276,2025Q4,C
E0277,2025Q1,B
E0277,2025Q2,D
E0277,2025Q3,S
E0277,2025Q4,D
E0278,2025Q1,D
E0278,2025Q2,B
E0278,2025Q3,S
E0278,2025Q4,A
E0279,2025Q1,C
E0279,2025Q2,D
E0279,2025Q3,B
E0279,2025Q4,B
E0280,2025Q1,A
E0280,2025Q2,D
E0280,2025Q3,C
E0280,2025Q4,B
E0281,2025Q1,B
E0281,2025Q2,C
E0281,2025Q3,A
E0281,2025Q4,D
E0282,2025Q1,D
E0282,2025Q2,D
E0282,2025Q3,B
E0282,2025Q4,D
E0283,2025Q1,B
E0283,2025Q2,D
E0283,2025Q3,S
E0283,2025Q4,D
E0284,2025Q1,S
E0284,2025Q2,B
E0284,2025Q3,C
E0284,2025Q4,A
E0285,2025Q1,B
E0285,2025Q2,S
E0285,2025Q3,A
E0285,2025Q4,D
E0286,2025Q1,B
E0286,2025Q2,A
E0286,2025Q3,A
E0286,2025Q4,D
E0287,2025Q1,A
E0287,2025Q2,B
E0287,2025Q3,S
E0287,2025Q4,B
E0288,2025Q1,C
E0288,2025Q2,S
E0288,2025Q3,B
E0288,2025Q4,B
E0289,2025Q1,B
E0289,2025Q2,B
E0289,2025Q3,B
E0289,2025Q4,S
E0290,2025Q1,D
E0290,2025Q2,D
E0290,2025Q3,D
E0290,2025Q4,B
E0291,2025Q1,A
E0291,2025Q2,D
E0291,2025Q3,B
E0291,2025Q4,B
E0292,2025Q1,B
E0292,2025Q2,B
E0292,2025Q3,B
E0292,2025Q4,S
E0293,2025Q1,B
E0293,2025Q2,A
E0293,2025Q3,A
E0293,2025Q4,S
E0294,2025Q1,D
E0294,2025Q2,A
E0294,2025Q3,B
E0294,2025Q4,B
E0295,2025Q1,C
E0295,2025Q2,B
E0295,2025Q3,B
E0295,2025Q4,C
E0296,2025Q1,D
E0296,2025Q2,A
E0296,2025Q3,A
E0296,2025Q4,B
E0297,2025Q1,A
E0297,2025Q2,B
E0297,2025Q3,B
E0297,2025Q4,C
E0298,2025Q1,B
E0298,2025Q2,D
E0298,2025Q3,B
E0298,2025Q4,S
E0299,2025Q1,A
E0299,2025Q2,D
E0299,2025Q3,B
E0299,2025Q4,B
E0300,2025Q1,C
E0300,2025Q2,B
E0300,2025Q3,S
E0300,2025Q4,B
